This is pdfTeX, Version 3.141592653-2.6-1.40.25 (TeX Live 2023/Debian) (preloaded format=pdflatex 2025.9.8)  11 JAN 2026 23:46
entering extended mode
 restricted \write18 enabled.
 %&-line parsing enabled.
**main.tex
(./main.tex
LaTeX2e <2023-11-01> patch level 1
L3 programming layer <2024-01-22>
(./Thesis.cls
Document Class: Thesis 2007/22/02 v1.0 LaTeX document class
(/usr/share/texlive/texmf-dist/tex/latex/base/book.cls
Document Class: book 2023/05/17 v1.4n Standard LaTeX document class
(/usr/share/texlive/texmf-dist/tex/latex/base/bk11.clo
File: bk11.clo 2023/05/17 v1.4n Standard LaTeX file (size option)
)
\c@part=\count187
\c@chapter=\count188
\c@section=\count189
\c@subsection=\count190
\c@subsubsection=\count191
\c@paragraph=\count192
\c@subparagraph=\count193
\c@figure=\count194
\c@table=\count195
\abovecaptionskip=\skip48
\belowcaptionskip=\skip49
\bibindent=\dimen140
)
(/usr/share/texlive/texmf-dist/tex/latex/setspace/setspace.sty
Package: setspace 2022/12/04 v6.7b set line spacing
)
(/usr/share/texlive/texmf-dist/tex/latex/vmargin/vmargin.sty
Package: vmargin 2004/07/15 V2.5 set document margins (VK)

Package: vmargin 2004/07/15 V2.5 set document margins (VK)
\PaperWidth=\dimen141
\PaperHeight=\dimen142
) (/usr/share/texlive/texmf-dist/tex/latex/base/inputenc.sty
Package: inputenc 2021/02/14 v1.3d Input encoding file
\inpenc@prehook=\toks17
\inpenc@posthook=\toks18
)
(/usr/share/texlive/texmf-dist/tex/latex/fancyhdr/fancyhdr.sty
Package: fancyhdr 2022/11/09 v4.1 Extensive control of page headers and footers

\f@nch@headwidth=\skip50
\f@nch@O@elh=\skip51
\f@nch@O@erh=\skip52
\f@nch@O@olh=\skip53
\f@nch@O@orh=\skip54
\f@nch@O@elf=\skip55
\f@nch@O@erf=\skip56
\f@nch@O@olf=\skip57
\f@nch@O@orf=\skip58
)
(/usr/share/texlive/texmf-dist/tex/latex/amsmath/amsmath.sty
Package: amsmath 2023/05/13 v2.17o AMS math features
\@mathmargin=\skip59

For additional information on amsmath, use the `?' option.
(/usr/share/texlive/texmf-dist/tex/latex/amsmath/amstext.sty
Package: amstext 2021/08/26 v2.01 AMS text

(/usr/share/texlive/texmf-dist/tex/latex/amsmath/amsgen.sty
File: amsgen.sty 1999/11/30 v2.0 generic functions
\@emptytoks=\toks19
\ex@=\dimen143
))
(/usr/share/texlive/texmf-dist/tex/latex/amsmath/amsbsy.sty
Package: amsbsy 1999/11/29 v1.2d Bold Symbols
\pmbraise@=\dimen144
)
(/usr/share/texlive/texmf-dist/tex/latex/amsmath/amsopn.sty
Package: amsopn 2022/04/08 v2.04 operator names
)
\inf@bad=\count196
LaTeX Info: Redefining \frac on input line 234.
\uproot@=\count197
\leftroot@=\count198
LaTeX Info: Redefining \overline on input line 399.
LaTeX Info: Redefining \colon on input line 410.
\classnum@=\count199
\DOTSCASE@=\count266
LaTeX Info: Redefining \ldots on input line 496.
LaTeX Info: Redefining \dots on input line 499.
LaTeX Info: Redefining \cdots on input line 620.
\Mathstrutbox@=\box51
\strutbox@=\box52
LaTeX Info: Redefining \big on input line 722.
LaTeX Info: Redefining \Big on input line 723.
LaTeX Info: Redefining \bigg on input line 724.
LaTeX Info: Redefining \Bigg on input line 725.
\big@size=\dimen145
LaTeX Font Info:    Redeclaring font encoding OML on input line 743.
LaTeX Font Info:    Redeclaring font encoding OMS on input line 744.
\macc@depth=\count267
LaTeX Info: Redefining \bmod on input line 905.
LaTeX Info: Redefining \pmod on input line 910.
LaTeX Info: Redefining \smash on input line 940.
LaTeX Info: Redefining \relbar on input line 970.
LaTeX Info: Redefining \Relbar on input line 971.
\c@MaxMatrixCols=\count268
\dotsspace@=\muskip16
\c@parentequation=\count269
\dspbrk@lvl=\count270
\tag@help=\toks20
\row@=\count271
\column@=\count272
\maxfields@=\count273
\andhelp@=\toks21
\eqnshift@=\dimen146
\alignsep@=\dimen147
\tagshift@=\dimen148
\tagwidth@=\dimen149
\totwidth@=\dimen150
\lineht@=\dimen151
\@envbody=\toks22
\multlinegap=\skip60
\multlinetaggap=\skip61
\mathdisplay@stack=\toks23
LaTeX Info: Redefining \[ on input line 2953.
LaTeX Info: Redefining \] on input line 2954.
)
(/usr/share/texlive/texmf-dist/tex/latex/amsfonts/amsfonts.sty
Package: amsfonts 2013/01/14 v3.01 Basic AMSFonts support
\symAMSa=\mathgroup4
\symAMSb=\mathgroup5
LaTeX Font Info:    Redeclaring math symbol \hbar on input line 98.
LaTeX Font Info:    Overwriting math alphabet `\mathfrak' in version `bold'
(Font)                  U/euf/m/n --> U/euf/b/n on input line 106.
)
(/usr/share/texlive/texmf-dist/tex/latex/amsfonts/amssymb.sty
Package: amssymb 2013/01/14 v3.01 AMS font symbols
)
(/usr/share/texlive/texmf-dist/tex/latex/amsmath/amscd.sty
Package: amscd 2017/04/14 v2.1 AMS Commutative Diagrams
\athelp@=\toks24
\minaw@=\dimen152
\bigaw@=\dimen153
\minCDarrowwidth=\dimen154
)
(/usr/share/texlive/texmf-dist/tex/latex/amscls/amsthm.sty
Package: amsthm 2020/05/29 v2.20.6
\thm@style=\toks25
\thm@bodyfont=\toks26
\thm@headfont=\toks27
\thm@notefont=\toks28
\thm@headpunct=\toks29
\thm@preskip=\skip62
\thm@postskip=\skip63
\thm@headsep=\skip64
\dth@everypar=\toks30
)
(/usr/share/texlive/texmf-dist/tex/latex/tools/xspace.sty
Package: xspace 2014/10/28 v1.13 Space after command names (DPC,MH)
)
\c@example=\count274
\c@theorem=\count275

(/usr/share/texlive/texmf-dist/tex/latex/caption/caption.sty
Package: caption 2023/08/05 v3.6o Customizing captions (AR)

(/usr/share/texlive/texmf-dist/tex/latex/caption/caption3.sty
Package: caption3 2023/07/31 v2.4d caption3 kernel (AR)

(/usr/share/texlive/texmf-dist/tex/latex/graphics/keyval.sty
Package: keyval 2022/05/29 v1.15 key=value parser (DPC)
\KV@toks@=\toks31
)
\caption@tempdima=\dimen155
\captionmargin=\dimen156
\caption@leftmargin=\dimen157
\caption@rightmargin=\dimen158
\caption@width=\dimen159
\caption@indent=\dimen160
\caption@parindent=\dimen161
\caption@hangindent=\dimen162
Package caption Info: Standard document class detected.
)
\c@caption@flags=\count276
\c@continuedfloat=\count277
)
(/usr/share/texlive/texmf-dist/tex/latex/graphics/graphicx.sty
Package: graphicx 2021/09/16 v1.2d Enhanced LaTeX Graphics (DPC,SPQR)

(/usr/share/texlive/texmf-dist/tex/latex/graphics/graphics.sty
Package: graphics 2022/03/10 v1.4e Standard LaTeX Graphics (DPC,SPQR)

(/usr/share/texlive/texmf-dist/tex/latex/graphics/trig.sty
Package: trig 2021/08/11 v1.11 sin cos tan (DPC)
)
(/usr/share/texlive/texmf-dist/tex/latex/graphics-cfg/graphics.cfg
File: graphics.cfg 2016/06/04 v1.11 sample graphics configuration
)
Package graphics Info: Driver file: pdftex.def on input line 107.

(/usr/share/texlive/texmf-dist/tex/latex/graphics-def/pdftex.def
File: pdftex.def 2022/09/22 v1.2b Graphics/color driver for pdftex
))
\Gin@req@height=\dimen163
\Gin@req@width=\dimen164
)
(/usr/share/texlive/texmf-dist/tex/latex/epstopdf-pkg/epstopdf.sty
Package: epstopdf 2020-01-24 v2.11 Conversion with epstopdf on the fly (HO)

(/usr/share/texlive/texmf-dist/tex/generic/infwarerr/infwarerr.sty
Package: infwarerr 2019/12/03 v1.5 Providing info/warning/error messages (HO)
)
(/usr/share/texlive/texmf-dist/tex/latex/grfext/grfext.sty
Package: grfext 2019/12/03 v1.3 Manage graphics extensions (HO)

(/usr/share/texlive/texmf-dist/tex/generic/kvdefinekeys/kvdefinekeys.sty
Package: kvdefinekeys 2019-12-19 v1.6 Define keys (HO)
))
(/usr/share/texlive/texmf-dist/tex/latex/kvoptions/kvoptions.sty
Package: kvoptions 2022-06-15 v3.15 Key value format for package options (HO)

(/usr/share/texlive/texmf-dist/tex/generic/ltxcmds/ltxcmds.sty
Package: ltxcmds 2023-12-04 v1.26 LaTeX kernel commands for general use (HO)
)
(/usr/share/texlive/texmf-dist/tex/latex/kvsetkeys/kvsetkeys.sty
Package: kvsetkeys 2022-10-05 v1.19 Key value parser (HO)
))
(/usr/share/texlive/texmf-dist/tex/generic/pdftexcmds/pdftexcmds.sty
Package: pdftexcmds 2020-06-27 v0.33 Utility functions of pdfTeX for LuaTeX (HO
)

(/usr/share/texlive/texmf-dist/tex/generic/iftex/iftex.sty
Package: iftex 2022/02/03 v1.0f TeX engine tests
)
Package pdftexcmds Info: \pdf@primitive is available.
Package pdftexcmds Info: \pdf@ifprimitive is available.
Package pdftexcmds Info: \pdfdraftmode found.
)
(/usr/share/texlive/texmf-dist/tex/latex/epstopdf-pkg/epstopdf-base.sty
Package: epstopdf-base 2020-01-24 v2.11 Base part for package epstopdf
Package epstopdf-base Info: Redefining graphics rule for `.eps' on input line 4
85.
Package grfext Info: Graphics extension search list:
(grfext)             [.pdf,.png,.jpg,.mps,.jpeg,.jbig2,.jb2,.PDF,.PNG,.JPG,.JPE
G,.JBIG2,.JB2,.eps]
(grfext)             \AppendGraphicsExtensions on input line 504.

(/usr/share/texlive/texmf-dist/tex/latex/latexconfig/epstopdf-sys.cfg
File: epstopdf-sys.cfg 2010/07/13 v1.3 Configuration of (r)epstopdf for TeX Liv
e
)))
(/usr/share/texlive/texmf-dist/tex/latex/booktabs/booktabs.sty
Package: booktabs 2020/01/12 v1.61803398 Publication quality tables
\heavyrulewidth=\dimen165
\lightrulewidth=\dimen166
\cmidrulewidth=\dimen167
\belowrulesep=\dimen168
\belowbottomsep=\dimen169
\aboverulesep=\dimen170
\abovetopsep=\dimen171
\cmidrulesep=\dimen172
\cmidrulekern=\dimen173
\defaultaddspace=\dimen174
\@cmidla=\count278
\@cmidlb=\count279
\@aboverulesep=\dimen175
\@belowrulesep=\dimen176
\@thisruleclass=\count280
\@lastruleclass=\count281
\@thisrulewidth=\dimen177
)
(/usr/share/texlive/texmf-dist/tex/latex/graphics/rotating.sty
Package: rotating 2016/08/11 v2.16d rotated objects in LaTeX

(/usr/share/texlive/texmf-dist/tex/latex/base/ifthen.sty
Package: ifthen 2022/04/13 v1.1d Standard LaTeX ifthen package (DPC)
)
\c@r@tfl@t=\count282
\rotFPtop=\skip65
\rotFPbot=\skip66
\rot@float@box=\box53
\rot@mess@toks=\toks32
)
(/usr/share/texlive/texmf-dist/tex/latex/listings/listings.sty
\lst@mode=\count283
\lst@gtempboxa=\box54
\lst@token=\toks33
\lst@length=\count284
\lst@currlwidth=\dimen178
\lst@column=\count285
\lst@pos=\count286
\lst@lostspace=\dimen179
\lst@width=\dimen180
\lst@newlines=\count287
\lst@lineno=\count288
\lst@maxwidth=\dimen181
 (./lstpatch.sty

***
*** This is a patch for listings 1.3, but you're using
*** version 1.9.
***
*** Patch file not loaded.
***

) (/usr/share/texlive/texmf-dist/tex/latex/listings/lstmisc.sty
File: lstmisc.sty 2023/02/27 1.9 (Carsten Heinz)
\c@lstnumber=\count289
\lst@skipnumbers=\count290
\lst@framebox=\box55
)
(/usr/share/texlive/texmf-dist/tex/latex/listings/listings.cfg
File: listings.cfg 2023/02/27 1.9 listings configuration
))
Package: listings 2023/02/27 1.9 (Carsten Heinz)

(./lstpatch.sty

***
*** This is a patch for listings 1.3, but you're using
*** version 1.9.
***
 *** Patch file not loaded.
***

) (/usr/share/texlive/texmf-dist/tex/latex/hyperref/hyperref.sty
Package: hyperref 2024-01-20 v7.01h Hypertext links for LaTeX

(/usr/share/texlive/texmf-dist/tex/generic/pdfescape/pdfescape.sty
Package: pdfescape 2019/12/09 v1.15 Implements pdfTeX's escape features (HO)
)
(/usr/share/texlive/texmf-dist/tex/latex/hycolor/hycolor.sty
Package: hycolor 2020-01-27 v1.10 Color options for hyperref/bookmark (HO)
)
(/usr/share/texlive/texmf-dist/tex/latex/auxhook/auxhook.sty
Package: auxhook 2019-12-17 v1.6 Hooks for auxiliary files (HO)
)
(/usr/share/texlive/texmf-dist/tex/latex/hyperref/nameref.sty
Package: nameref 2023-11-26 v2.56 Cross-referencing by name of section

(/usr/share/texlive/texmf-dist/tex/latex/refcount/refcount.sty
Package: refcount 2019/12/15 v3.6 Data extraction from label references (HO)
)
(/usr/share/texlive/texmf-dist/tex/generic/gettitlestring/gettitlestring.sty
Package: gettitlestring 2019/12/15 v1.6 Cleanup title references (HO)
)
\c@section@level=\count291
)
(/usr/share/texlive/texmf-dist/tex/latex/etoolbox/etoolbox.sty
Package: etoolbox 2020/10/05 v2.5k e-TeX tools for LaTeX (JAW)
\etb@tempcnta=\count292
)
\@linkdim=\dimen182
\Hy@linkcounter=\count293
\Hy@pagecounter=\count294

(/usr/share/texlive/texmf-dist/tex/latex/hyperref/pd1enc.def
File: pd1enc.def 2024-01-20 v7.01h Hyperref: PDFDocEncoding definition (HO)
Now handling font encoding PD1 ...
... no UTF-8 mapping file for font encoding PD1
)
(/usr/share/texlive/texmf-dist/tex/generic/intcalc/intcalc.sty
Package: intcalc 2019/12/15 v1.3 Expandable calculations with integers (HO)
)
\Hy@SavedSpaceFactor=\count295

(/usr/share/texlive/texmf-dist/tex/latex/hyperref/puenc.def
File: puenc.def 2024-01-20 v7.01h Hyperref: PDF Unicode definition (HO)
Now handling font encoding PU ...
... no UTF-8 mapping file for font encoding PU
)
Package hyperref Info: Option `bookmarks' set `true' on input line 4062.
Package hyperref Info: Option `bookmarksopen' set `true' on input line 4062.
Package hyperref Info: Option `bookmarksnumbered' set `true' on input line 4062
.
Package hyperref Info: Option `hypertexnames' set `false' on input line 4062.
Package hyperref Info: Option `colorlinks' set `true' on input line 4062.
Package hyperref Info: Option `unicode' set `true' on input line 4062.
Package hyperref Info: Option `breaklinks' set `true' on input line 4062.
Package hyperref Info: Hyper figures OFF on input line 4179.
Package hyperref Info: Link nesting OFF on input line 4184.
Package hyperref Info: Hyper index ON on input line 4187.
Package hyperref Info: Plain pages OFF on input line 4194.
Package hyperref Info: Backreferencing OFF on input line 4199.
Package hyperref Info: Implicit mode ON; LaTeX internals redefined.
Package hyperref Info: Bookmarks ON on input line 4446.
\c@Hy@tempcnt=\count296

(/usr/share/texlive/texmf-dist/tex/latex/url/url.sty
\Urlmuskip=\muskip17
Package: url 2013/09/16  ver 3.4  Verb mode for urls, etc.
)
LaTeX Info: Redefining \url on input line 4784.
\XeTeXLinkMargin=\dimen183

(/usr/share/texlive/texmf-dist/tex/generic/bitset/bitset.sty
Package: bitset 2019/12/09 v1.3 Handle bit-vector datatype (HO)

(/usr/share/texlive/texmf-dist/tex/generic/bigintcalc/bigintcalc.sty
Package: bigintcalc 2019/12/15 v1.5 Expandable calculations on big integers (HO
)
))
\Fld@menulength=\count297
\Field@Width=\dimen184
\Fld@charsize=\dimen185
Package hyperref Info: Hyper figures OFF on input line 6063.
Package hyperref Info: Link nesting OFF on input line 6068.
Package hyperref Info: Hyper index ON on input line 6071.
Package hyperref Info: backreferencing OFF on input line 6078.
Package hyperref Info: Link coloring ON on input line 6081.
Package hyperref Info: Link coloring with OCG OFF on input line 6088.
Package hyperref Info: PDF/A mode OFF on input line 6093.

(/usr/share/texlive/texmf-dist/tex/latex/base/atbegshi-ltx.sty
Package: atbegshi-ltx 2021/01/10 v1.0c Emulation of the original atbegshi
package with kernel methods
)
\Hy@abspage=\count298
\c@Item=\count299
\c@Hfootnote=\count300
)
Package hyperref Info: Driver (autodetected): hpdftex.

(/usr/share/texlive/texmf-dist/tex/latex/hyperref/hpdftex.def
File: hpdftex.def 2024-01-20 v7.01h Hyperref driver for pdfTeX

(/usr/share/texlive/texmf-dist/tex/latex/base/atveryend-ltx.sty
Package: atveryend-ltx 2020/08/19 v1.0a Emulation of the original atveryend pac
kage
with kernel methods
)
\Fld@listcount=\count301
\c@bookmark@seq@number=\count302

(/usr/share/texlive/texmf-dist/tex/latex/rerunfilecheck/rerunfilecheck.sty
Package: rerunfilecheck 2022-07-10 v1.10 Rerun checks for auxiliary files (HO)

(/usr/share/texlive/texmf-dist/tex/generic/uniquecounter/uniquecounter.sty
Package: uniquecounter 2019/12/15 v1.4 Provide unlimited unique counter (HO)
)
Package uniquecounter Info: New unique counter `rerunfilecheck' on input line 2
85.
)
\Hy@SectionHShift=\skip67
)
\c@dummy=\count303

(/usr/share/texlive/texmf-dist/tex/latex/tools/longtable.sty
Package: longtable 2023-11-01 v4.19 Multi-page Table package (DPC)
\LTleft=\skip68
\LTright=\skip69
\LTpre=\skip70
\LTpost=\skip71
\LTchunksize=\count304
\LTcapwidth=\dimen186
\LT@head=\box56
\LT@firsthead=\box57
\LT@foot=\box58
\LT@lastfoot=\box59
\LT@gbox=\box60
\LT@cols=\count305
\LT@rows=\count306
\c@LT@tables=\count307
\c@LT@chunks=\count308
\LT@p@ftn=\toks34
))
(/usr/share/texlive/texmf-dist/tex/latex/natbib/natbib.sty
Package: natbib 2010/09/13 8.31b (PWD, AO)
\bibhang=\skip72
\bibsep=\skip73
LaTeX Info: Redefining \cite on input line 694.
\c@NAT@ctr=\count309
)
(/usr/share/texlive/texmf-dist/tex/latex/tocloft/tocloft.sty
Package: tocloft 2017/08/31 v2.3i parameterised ToC, etc., typesetting
Package tocloft Info: The document has chapter divisions on input line 51.
\cftparskip=\skip74
\cftbeforetoctitleskip=\skip75
\cftaftertoctitleskip=\skip76
\cftbeforepartskip=\skip77
\cftpartnumwidth=\skip78
\cftpartindent=\skip79
\cftbeforechapskip=\skip80
\cftchapindent=\skip81
\cftchapnumwidth=\skip82
\cftbeforesecskip=\skip83
\cftsecindent=\skip84
\cftsecnumwidth=\skip85
\cftbeforesubsecskip=\skip86
\cftsubsecindent=\skip87
\cftsubsecnumwidth=\skip88
\cftbeforesubsubsecskip=\skip89
\cftsubsubsecindent=\skip90
\cftsubsubsecnumwidth=\skip91
\cftbeforeparaskip=\skip92
\cftparaindent=\skip93
\cftparanumwidth=\skip94
\cftbeforesubparaskip=\skip95
\cftsubparaindent=\skip96
\cftsubparanumwidth=\skip97
\cftbeforeloftitleskip=\skip98
\cftafterloftitleskip=\skip99
\cftbeforefigskip=\skip100
\cftfigindent=\skip101
\cftfignumwidth=\skip102
\c@lofdepth=\count310
\c@lotdepth=\count311
\cftbeforelottitleskip=\skip103
\cftafterlottitleskip=\skip104
\cftbeforetabskip=\skip105
\cfttabindent=\skip106
\cfttabnumwidth=\skip107
)
(/usr/share/texlive/texmf-dist/tex/latex/pgf/frontendlayer/tikz.sty
(/usr/share/texlive/texmf-dist/tex/latex/pgf/basiclayer/pgf.sty
(/usr/share/texlive/texmf-dist/tex/latex/pgf/utilities/pgfrcs.sty
(/usr/share/texlive/texmf-dist/tex/generic/pgf/utilities/pgfutil-common.tex
\pgfutil@everybye=\toks35
\pgfutil@tempdima=\dimen187
\pgfutil@tempdimb=\dimen188
)
(/usr/share/texlive/texmf-dist/tex/generic/pgf/utilities/pgfutil-latex.def
\pgfutil@abb=\box61
)
(/usr/share/texlive/texmf-dist/tex/generic/pgf/utilities/pgfrcs.code.tex
(/usr/share/texlive/texmf-dist/tex/generic/pgf/pgf.revision.tex)
Package: pgfrcs 2023-01-15 v3.1.10 (3.1.10)
))
Package: pgf 2023-01-15 v3.1.10 (3.1.10)

(/usr/share/texlive/texmf-dist/tex/latex/pgf/basiclayer/pgfcore.sty
(/usr/share/texlive/texmf-dist/tex/latex/pgf/systemlayer/pgfsys.sty
(/usr/share/texlive/texmf-dist/tex/generic/pgf/systemlayer/pgfsys.code.tex
Package: pgfsys 2023-01-15 v3.1.10 (3.1.10)

(/usr/share/texlive/texmf-dist/tex/generic/pgf/utilities/pgfkeys.code.tex
\pgfkeys@pathtoks=\toks36
\pgfkeys@temptoks=\toks37

(/usr/share/texlive/texmf-dist/tex/generic/pgf/utilities/pgfkeyslibraryfiltered
.code.tex
\pgfkeys@tmptoks=\toks38
))
\pgf@x=\dimen189
\pgf@y=\dimen190
\pgf@xa=\dimen191
\pgf@ya=\dimen192
\pgf@xb=\dimen193
\pgf@yb=\dimen194
\pgf@xc=\dimen195
\pgf@yc=\dimen196
\pgf@xd=\dimen197
\pgf@yd=\dimen198
\w@pgf@writea=\write3
\r@pgf@reada=\read2
\c@pgf@counta=\count312
\c@pgf@countb=\count313
\c@pgf@countc=\count314
\c@pgf@countd=\count315
\t@pgf@toka=\toks39
\t@pgf@tokb=\toks40
\t@pgf@tokc=\toks41
\pgf@sys@id@count=\count316
 (/usr/share/texlive/texmf-dist/tex/generic/pgf/systemlayer/pgf.cfg
File: pgf.cfg 2023-01-15 v3.1.10 (3.1.10)
)
Driver file for pgf: pgfsys-pdftex.def
(/usr/share/texlive/texmf-dist/tex/generic/pgf/systemlayer/pgfsys-pdftex.def
File: pgfsys-pdftex.def 2023-01-15 v3.1.10 (3.1.10)

(/usr/share/texlive/texmf-dist/tex/generic/pgf/systemlayer/pgfsys-common-pdf.de
f
File: pgfsys-common-pdf.def 2023-01-15 v3.1.10 (3.1.10)
)))
(/usr/share/texlive/texmf-dist/tex/generic/pgf/systemlayer/pgfsyssoftpath.code.
tex
File: pgfsyssoftpath.code.tex 2023-01-15 v3.1.10 (3.1.10)
\pgfsyssoftpath@smallbuffer@items=\count317
\pgfsyssoftpath@bigbuffer@items=\count318
)
(/usr/share/texlive/texmf-dist/tex/generic/pgf/systemlayer/pgfsysprotocol.code.
tex
File: pgfsysprotocol.code.tex 2023-01-15 v3.1.10 (3.1.10)
)) (/usr/share/texlive/texmf-dist/tex/latex/xcolor/xcolor.sty
Package: xcolor 2023/11/15 v3.01 LaTeX color extensions (UK)

(/usr/share/texlive/texmf-dist/tex/latex/graphics-cfg/color.cfg
File: color.cfg 2016/01/02 v1.6 sample color configuration
)
Package xcolor Info: Driver file: pdftex.def on input line 274.

(/usr/share/texlive/texmf-dist/tex/latex/graphics/mathcolor.ltx)
Package xcolor Info: Model `cmy' substituted by `cmy0' on input line 1350.
Package xcolor Info: Model `hsb' substituted by `rgb' on input line 1354.
Package xcolor Info: Model `RGB' extended on input line 1366.
Package xcolor Info: Model `HTML' substituted by `rgb' on input line 1368.
Package xcolor Info: Model `Hsb' substituted by `hsb' on input line 1369.
Package xcolor Info: Model `tHsb' substituted by `hsb' on input line 1370.
Package xcolor Info: Model `HSB' substituted by `hsb' on input line 1371.
Package xcolor Info: Model `Gray' substituted by `gray' on input line 1372.
Package xcolor Info: Model `wave' substituted by `hsb' on input line 1373.
)
(/usr/share/texlive/texmf-dist/tex/generic/pgf/basiclayer/pgfcore.code.tex
Package: pgfcore 2023-01-15 v3.1.10 (3.1.10)

(/usr/share/texlive/texmf-dist/tex/generic/pgf/math/pgfmath.code.tex
(/usr/share/texlive/texmf-dist/tex/generic/pgf/math/pgfmathutil.code.tex)
(/usr/share/texlive/texmf-dist/tex/generic/pgf/math/pgfmathparser.code.tex
\pgfmath@dimen=\dimen199
\pgfmath@count=\count319
\pgfmath@box=\box62
\pgfmath@toks=\toks42
\pgfmath@stack@operand=\toks43
\pgfmath@stack@operation=\toks44
)
(/usr/share/texlive/texmf-dist/tex/generic/pgf/math/pgfmathfunctions.code.tex)
(/usr/share/texlive/texmf-dist/tex/generic/pgf/math/pgfmathfunctions.basic.code
.tex)
(/usr/share/texlive/texmf-dist/tex/generic/pgf/math/pgfmathfunctions.trigonomet
ric.code.tex)
(/usr/share/texlive/texmf-dist/tex/generic/pgf/math/pgfmathfunctions.random.cod
e.tex)
(/usr/share/texlive/texmf-dist/tex/generic/pgf/math/pgfmathfunctions.comparison
.code.tex)
(/usr/share/texlive/texmf-dist/tex/generic/pgf/math/pgfmathfunctions.base.code.
tex)
(/usr/share/texlive/texmf-dist/tex/generic/pgf/math/pgfmathfunctions.round.code
.tex)
(/usr/share/texlive/texmf-dist/tex/generic/pgf/math/pgfmathfunctions.misc.code.
tex)
(/usr/share/texlive/texmf-dist/tex/generic/pgf/math/pgfmathfunctions.integerari
thmetics.code.tex)
(/usr/share/texlive/texmf-dist/tex/generic/pgf/math/pgfmathcalc.code.tex)
(/usr/share/texlive/texmf-dist/tex/generic/pgf/math/pgfmathfloat.code.tex
\c@pgfmathroundto@lastzeros=\count320
))
(/usr/share/texlive/texmf-dist/tex/generic/pgf/math/pgfint.code.tex)
(/usr/share/texlive/texmf-dist/tex/generic/pgf/basiclayer/pgfcorepoints.code.te
x
File: pgfcorepoints.code.tex 2023-01-15 v3.1.10 (3.1.10)
\pgf@picminx=\dimen256
\pgf@picmaxx=\dimen257
\pgf@picminy=\dimen258
\pgf@picmaxy=\dimen259
\pgf@pathminx=\dimen260
\pgf@pathmaxx=\dimen261
\pgf@pathminy=\dimen262
\pgf@pathmaxy=\dimen263
\pgf@xx=\dimen264
\pgf@xy=\dimen265
\pgf@yx=\dimen266
\pgf@yy=\dimen267
\pgf@zx=\dimen268
\pgf@zy=\dimen269
)
(/usr/share/texlive/texmf-dist/tex/generic/pgf/basiclayer/pgfcorepathconstruct.
code.tex
File: pgfcorepathconstruct.code.tex 2023-01-15 v3.1.10 (3.1.10)
\pgf@path@lastx=\dimen270
\pgf@path@lasty=\dimen271
)
(/usr/share/texlive/texmf-dist/tex/generic/pgf/basiclayer/pgfcorepathusage.code
.tex
File: pgfcorepathusage.code.tex 2023-01-15 v3.1.10 (3.1.10)
\pgf@shorten@end@additional=\dimen272
\pgf@shorten@start@additional=\dimen273
)
(/usr/share/texlive/texmf-dist/tex/generic/pgf/basiclayer/pgfcorescopes.code.te
x
File: pgfcorescopes.code.tex 2023-01-15 v3.1.10 (3.1.10)
\pgfpic=\box63
\pgf@hbox=\box64
\pgf@layerbox@main=\box65
\pgf@picture@serial@count=\count321
)
(/usr/share/texlive/texmf-dist/tex/generic/pgf/basiclayer/pgfcoregraphicstate.c
ode.tex
File: pgfcoregraphicstate.code.tex 2023-01-15 v3.1.10 (3.1.10)
\pgflinewidth=\dimen274
)
(/usr/share/texlive/texmf-dist/tex/generic/pgf/basiclayer/pgfcoretransformation
s.code.tex
File: pgfcoretransformations.code.tex 2023-01-15 v3.1.10 (3.1.10)
\pgf@pt@x=\dimen275
\pgf@pt@y=\dimen276
\pgf@pt@temp=\dimen277
)
(/usr/share/texlive/texmf-dist/tex/generic/pgf/basiclayer/pgfcorequick.code.tex
File: pgfcorequick.code.tex 2023-01-15 v3.1.10 (3.1.10)
)
(/usr/share/texlive/texmf-dist/tex/generic/pgf/basiclayer/pgfcoreobjects.code.t
ex
File: pgfcoreobjects.code.tex 2023-01-15 v3.1.10 (3.1.10)
)
(/usr/share/texlive/texmf-dist/tex/generic/pgf/basiclayer/pgfcorepathprocessing
.code.tex
File: pgfcorepathprocessing.code.tex 2023-01-15 v3.1.10 (3.1.10)
)
(/usr/share/texlive/texmf-dist/tex/generic/pgf/basiclayer/pgfcorearrows.code.te
x
File: pgfcorearrows.code.tex 2023-01-15 v3.1.10 (3.1.10)
\pgfarrowsep=\dimen278
)
(/usr/share/texlive/texmf-dist/tex/generic/pgf/basiclayer/pgfcoreshade.code.tex
File: pgfcoreshade.code.tex 2023-01-15 v3.1.10 (3.1.10)
\pgf@max=\dimen279
\pgf@sys@shading@range@num=\count322
\pgf@shadingcount=\count323
)
(/usr/share/texlive/texmf-dist/tex/generic/pgf/basiclayer/pgfcoreimage.code.tex
File: pgfcoreimage.code.tex 2023-01-15 v3.1.10 (3.1.10)
)
(/usr/share/texlive/texmf-dist/tex/generic/pgf/basiclayer/pgfcoreexternal.code.
tex
File: pgfcoreexternal.code.tex 2023-01-15 v3.1.10 (3.1.10)
\pgfexternal@startupbox=\box66
)
(/usr/share/texlive/texmf-dist/tex/generic/pgf/basiclayer/pgfcorelayers.code.te
x
File: pgfcorelayers.code.tex 2023-01-15 v3.1.10 (3.1.10)
)
(/usr/share/texlive/texmf-dist/tex/generic/pgf/basiclayer/pgfcoretransparency.c
ode.tex
File: pgfcoretransparency.code.tex 2023-01-15 v3.1.10 (3.1.10)
)
(/usr/share/texlive/texmf-dist/tex/generic/pgf/basiclayer/pgfcorepatterns.code.
tex
File: pgfcorepatterns.code.tex 2023-01-15 v3.1.10 (3.1.10)
)
(/usr/share/texlive/texmf-dist/tex/generic/pgf/basiclayer/pgfcorerdf.code.tex
File: pgfcorerdf.code.tex 2023-01-15 v3.1.10 (3.1.10)
)))
(/usr/share/texlive/texmf-dist/tex/generic/pgf/modules/pgfmoduleshapes.code.tex
File: pgfmoduleshapes.code.tex 2023-01-15 v3.1.10 (3.1.10)
\pgfnodeparttextbox=\box67
) (/usr/share/texlive/texmf-dist/tex/generic/pgf/modules/pgfmoduleplot.code.tex
File: pgfmoduleplot.code.tex 2023-01-15 v3.1.10 (3.1.10)
)
(/usr/share/texlive/texmf-dist/tex/latex/pgf/compatibility/pgfcomp-version-0-65
.sty
Package: pgfcomp-version-0-65 2023-01-15 v3.1.10 (3.1.10)
\pgf@nodesepstart=\dimen280
\pgf@nodesepend=\dimen281
)
(/usr/share/texlive/texmf-dist/tex/latex/pgf/compatibility/pgfcomp-version-1-18
.sty
Package: pgfcomp-version-1-18 2023-01-15 v3.1.10 (3.1.10)
)) (/usr/share/texlive/texmf-dist/tex/latex/pgf/utilities/pgffor.sty
(/usr/share/texlive/texmf-dist/tex/latex/pgf/utilities/pgfkeys.sty
(/usr/share/texlive/texmf-dist/tex/generic/pgf/utilities/pgfkeys.code.tex))
(/usr/share/texlive/texmf-dist/tex/latex/pgf/math/pgfmath.sty
(/usr/share/texlive/texmf-dist/tex/generic/pgf/math/pgfmath.code.tex))
(/usr/share/texlive/texmf-dist/tex/generic/pgf/utilities/pgffor.code.tex
Package: pgffor 2023-01-15 v3.1.10 (3.1.10)
\pgffor@iter=\dimen282
\pgffor@skip=\dimen283
\pgffor@stack=\toks45
\pgffor@toks=\toks46
))
(/usr/share/texlive/texmf-dist/tex/generic/pgf/frontendlayer/tikz/tikz.code.tex
Package: tikz 2023-01-15 v3.1.10 (3.1.10)

(/usr/share/texlive/texmf-dist/tex/generic/pgf/libraries/pgflibraryplothandlers
.code.tex
File: pgflibraryplothandlers.code.tex 2023-01-15 v3.1.10 (3.1.10)
\pgf@plot@mark@count=\count324
\pgfplotmarksize=\dimen284
)
\tikz@lastx=\dimen285
\tikz@lasty=\dimen286
\tikz@lastxsaved=\dimen287
\tikz@lastysaved=\dimen288
\tikz@lastmovetox=\dimen289
\tikz@lastmovetoy=\dimen290
\tikzleveldistance=\dimen291
\tikzsiblingdistance=\dimen292
\tikz@figbox=\box68
\tikz@figbox@bg=\box69
\tikz@tempbox=\box70
\tikz@tempbox@bg=\box71
\tikztreelevel=\count325
\tikznumberofchildren=\count326
\tikznumberofcurrentchild=\count327
\tikz@fig@count=\count328

(/usr/share/texlive/texmf-dist/tex/generic/pgf/modules/pgfmodulematrix.code.tex
File: pgfmodulematrix.code.tex 2023-01-15 v3.1.10 (3.1.10)
\pgfmatrixcurrentrow=\count329
\pgfmatrixcurrentcolumn=\count330
\pgf@matrix@numberofcolumns=\count331
)
\tikz@expandcount=\count332

(/usr/share/texlive/texmf-dist/tex/generic/pgf/frontendlayer/tikz/libraries/tik
zlibrarytopaths.code.tex
File: tikzlibrarytopaths.code.tex 2023-01-15 v3.1.10 (3.1.10)
)))
(/usr/share/texlive/texmf-dist/tex/generic/pgf/frontendlayer/tikz/libraries/tik
zlibraryshapes.geometric.code.tex
File: tikzlibraryshapes.geometric.code.tex 2023-01-15 v3.1.10 (3.1.10)

(/usr/share/texlive/texmf-dist/tex/generic/pgf/libraries/shapes/pgflibraryshape
s.geometric.code.tex
File: pgflibraryshapes.geometric.code.tex 2023-01-15 v3.1.10 (3.1.10)
))
(/usr/share/texlive/texmf-dist/tex/generic/pgf/libraries/pgflibraryarrows.meta.
code.tex
File: pgflibraryarrows.meta.code.tex 2023-01-15 v3.1.10 (3.1.10)
\pgfarrowinset=\dimen293
\pgfarrowlength=\dimen294
\pgfarrowwidth=\dimen295
\pgfarrowlinewidth=\dimen296
)
(/usr/share/texlive/texmf-dist/tex/generic/pgf/frontendlayer/tikz/libraries/tik
zlibrarypositioning.code.tex
File: tikzlibrarypositioning.code.tex 2023-01-15 v3.1.10 (3.1.10)
)
(/usr/share/texlive/texmf-dist/tex/generic/pgf/frontendlayer/tikz/libraries/tik
zlibraryfit.code.tex
File: tikzlibraryfit.code.tex 2023-01-15 v3.1.10 (3.1.10)
)
(/usr/share/texlive/texmf-dist/tex/generic/pgf/frontendlayer/tikz/libraries/tik
zlibrarybackgrounds.code.tex
File: tikzlibrarybackgrounds.code.tex 2023-01-15 v3.1.10 (3.1.10)
\pgf@layerbox@background=\box72
\pgf@layerboxsaved@background=\box73
)
(/usr/share/texlive/texmf-dist/tex/generic/pgf/frontendlayer/tikz/libraries/tik
zlibrarycalc.code.tex
File: tikzlibrarycalc.code.tex 2023-01-15 v3.1.10 (3.1.10)
)
(/usr/share/texlive/texmf-dist/tex/latex/placeins/placeins.sty
Package: placeins 2005/04/18  v 2.2
)
(/usr/share/texlive/texmf-dist/tex/latex/csquotes/csquotes.sty
Package: csquotes 2022-09-14 v5.2n context-sensitive quotations (JAW)
\csq@reset=\count333
\csq@gtype=\count334
\csq@glevel=\count335
\csq@qlevel=\count336
\csq@maxlvl=\count337
\csq@tshold=\count338
\csq@ltx@everypar=\toks47

(/usr/share/texlive/texmf-dist/tex/latex/csquotes/csquotes.def
File: csquotes.def 2022-09-14 v5.2n csquotes generic definitions (JAW)
)
Package csquotes Info: Trying to load configuration file 'csquotes.cfg'...
Package csquotes Info: ... configuration file loaded successfully.

(/usr/share/texlive/texmf-dist/tex/latex/csquotes/csquotes.cfg
File: csquotes.cfg 
))
(/usr/share/texlive/texmf-dist/tex/latex/threeparttable/threeparttable.sty
Package: threeparttable 2003/06/13  v 3.0
\@tempboxb=\box74
)
(/usr/share/texlive/texmf-dist/tex/latex/multirow/multirow.sty
Package: multirow 2021/03/15 v2.8 Span multiple rows of a table
\multirow@colwidth=\skip108
\multirow@cntb=\count339
\multirow@dima=\skip109
\bigstrutjot=\dimen297
)
(/usr/share/texlive/texmf-dist/tex/latex/tools/tabularx.sty
Package: tabularx 2023/07/08 v2.11c `tabularx' package (DPC)

(/usr/share/texlive/texmf-dist/tex/latex/tools/array.sty
Package: array 2023/10/16 v2.5g Tabular extension package (FMi)
\col@sep=\dimen298
\ar@mcellbox=\box75
\extrarowheight=\dimen299
\NC@list=\toks48
\extratabsurround=\skip110
\backup@length=\skip111
\ar@cellbox=\box76
)
\TX@col@width=\dimen300
\TX@old@table=\dimen301
\TX@old@col=\dimen302
\TX@target=\dimen303
\TX@delta=\dimen304
\TX@cols=\count340
\TX@ftn=\toks49
)
(/usr/share/texlive/texmf-dist/tex/latex/colortbl/colortbl.sty
Package: colortbl 2022/06/20 v1.0f Color table columns (DPC)
\everycr=\toks50
\minrowclearance=\skip112
\rownum=\count341
)
(/usr/share/texlive/texmf-dist/tex/latex/psnfss/pifont.sty
Package: pifont 2020/03/25 PSNFSS-v9.3 Pi font support (SPQR) 
LaTeX Font Info:    Trying to load font information for U+pzd on input line 63.


(/usr/share/texlive/texmf-dist/tex/latex/psnfss/upzd.fd
File: upzd.fd 2001/06/04 font definitions for U/pzd.
)
LaTeX Font Info:    Trying to load font information for U+psy on input line 64.


(/usr/share/texlive/texmf-dist/tex/latex/psnfss/upsy.fd
File: upsy.fd 2001/06/04 font definitions for U/psy.
))
(/usr/share/texlive/texmf-dist/tex/latex/enumitem/enumitem.sty
Package: enumitem 2019/06/20 v3.9 Customized lists
\labelindent=\skip113
\enit@outerparindent=\dimen305
\enit@toks=\toks51
\enit@inbox=\box77
\enit@count@id=\count342
\enitdp@description=\count343
)
(/usr/share/texlive/texmf-dist/tex/latex/caption/subcaption.sty
Package: subcaption 2023/07/28 v1.6b Sub-captions (AR)
Package caption Info: New subtype `subfigure' on input line 238.
\c@subfigure=\count344
Package caption Info: New subtype `subtable' on input line 238.
\c@subtable=\count345
)
(/usr/share/texlive/texmf-dist/tex/latex/capt-of/capt-of.sty
Package: capt-of 2009/12/29 v0.2 standard captions outside of floats
)
(/usr/share/texlive/texmf-dist/tex/latex/float/float.sty
Package: float 2001/11/08 v1.3d Float enhancements (AL)
\c@float@type=\count346
\float@exts=\toks52
\float@box=\box78
\@float@everytoks=\toks53
\@floatcapt=\box79
)
(/usr/share/texlive/texmf-dist/tex/latex/pdflscape/pdflscape.sty
Package: pdflscape 2022-10-27 v0.13 Display of landscape pages in PDF

(/usr/share/texlive/texmf-dist/tex/latex/pdflscape/pdflscape-nometadata.sty
Package: pdflscape-nometadata 2022-10-28 v0.13 Display of landscape pages in PD
F (HO)

(/usr/share/texlive/texmf-dist/tex/latex/graphics/lscape.sty
Package: lscape 2020/05/28 v3.02 Landscape Pages (DPC)
)
Package pdflscape Info: Auto-detected driver: pdftex on input line 81.
))
(/usr/share/texlive/texmf-dist/tex/latex/docmute/docmute.sty
Package: docmute 2012/03/22 v1.4 Input stand-alone documents
)
(/usr/share/texlive/texmf-dist/tex/latex/tcolorbox/tcolorbox.sty
Package: tcolorbox 2024/01/10 version 6.2.0 text color boxes

(/usr/share/texlive/texmf-dist/tex/latex/tools/verbatim.sty
Package: verbatim 2023-11-06 v1.5v LaTeX2e package for verbatim enhancements
\every@verbatim=\toks54
\verbatim@line=\toks55
\verbatim@in@stream=\read3
)
(/usr/share/texlive/texmf-dist/tex/latex/environ/environ.sty
Package: environ 2014/05/04 v0.3 A new way to define environments

(/usr/share/texlive/texmf-dist/tex/latex/trimspaces/trimspaces.sty
Package: trimspaces 2009/09/17 v1.1 Trim spaces around a token list
))
\tcb@titlebox=\box80
\tcb@upperbox=\box81
\tcb@lowerbox=\box82
\tcb@phantombox=\box83
\c@tcbbreakpart=\count347
\c@tcblayer=\count348
\c@tcolorbox@number=\count349
\l__tcobox_tmpa_box=\box84
\l__tcobox_tmpa_dim=\dimen306
\tcb@temp=\box85
\tcb@temp=\box86
\tcb@temp=\box87
\tcb@temp=\box88

(/usr/share/texlive/texmf-dist/tex/latex/tcolorbox/tcbraster.code.tex
Library (tcolorbox): 'tcbraster.code.tex' version '6.2.0'
\c@tcbrastercolumn=\count350
\c@tcbrasterrow=\count351
\c@tcbrasternum=\count352
\c@tcbraster=\count353
) (/usr/share/texlive/texmf-dist/tex/latex/tcolorbox/tcbskins.code.tex
Library (tcolorbox): 'tcbskins.code.tex' version '6.2.0'
(/usr/share/texlive/texmf-dist/tex/latex/tikzfill/tikzfill.image.sty
Package: tikzfill.image 2023/08/08 v1.0.1 Image filling library for TikZ

(/usr/share/texlive/texmf-dist/tex/latex/tikzfill/tikzfill-common.sty
Package: tikzfill-common 2023/08/08 v1.0.1 Auxiliary code for tikzfill
)
(/usr/share/texlive/texmf-dist/tex/latex/tikzfill/tikzlibraryfill.image.code.te
x
File: tikzlibraryfill.image.code.tex 2023/08/08 v1.0.1 Image filling library
\l__tikzfill_img_box=\box89
)) (/usr/share/texlive/texmf-dist/tex/latex/tcolorbox/tcbskinsjigsaw.code.tex
Library (tcolorbox): 'tcbskinsjigsaw.code.tex' version '6.2.0'
)) (/usr/share/texlive/texmf-dist/tex/latex/tcolorbox/tcbbreakable.code.tex
Library (tcolorbox): 'tcbbreakable.code.tex' version '6.2.0'
(/usr/share/texlive/texmf-dist/tex/latex/pdfcol/pdfcol.sty
Package: pdfcol 2022-09-21 v1.7 Handle new color stacks for pdfTeX (HO)
)
Package pdfcol Info: New color stack `tcb@breakable' = 1 on input line 23.
\tcb@testbox=\box90
\tcb@totalupperbox=\box91
\tcb@totallowerbox=\box92
)
(/usr/share/texlive/texmf-dist/tex/latex/tcolorbox/tcbhooks.code.tex
Library (tcolorbox): 'tcbhooks.code.tex' version '6.2.0'
) (/usr/share/texlive/texmf-dist/tex/latex/tcolorbox/tcbtheorems.code.tex
Library (tcolorbox): 'tcbtheorems.code.tex' version '6.2.0'
) (/usr/share/texlive/texmf-dist/tex/latex/tcolorbox/tcbfitting.code.tex
Library (tcolorbox): 'tcbfitting.code.tex' version '6.2.0'
\tcbfitdim=\dimen307
\tcb@lowerfitdim=\dimen308
\tcb@upperfitdim=\dimen309
\tcb@cur@hbadness=\count354
) (/usr/share/texlive/texmf-dist/tex/latex/tcolorbox/tcblistingsutf8.code.tex
Library (tcolorbox): 'tcblistingsutf8.code.tex' version '6.2.0'
(/usr/share/texlive/texmf-dist/tex/latex/tcolorbox/tcblistings.code.tex
Library (tcolorbox): 'tcblistings.code.tex' version '6.2.0'
(/usr/share/texlive/texmf-dist/tex/latex/tcolorbox/tcblistingscore.code.tex
Library (tcolorbox): 'tcblistingscore.code.tex' version '6.2.0'
(/usr/share/texlive/texmf-dist/tex/latex/tcolorbox/tcbprocessing.code.tex
Library (tcolorbox): 'tcbprocessing.code.tex' version '6.2.0'
)
\c@tcblisting=\count355
)) (/usr/share/texlive/texmf-dist/tex/latex/listingsutf8/listingsutf8.sty
Package: listingsutf8 2019-12-10 v1.5 Allow UTF-8 in listings input (HO)

(/usr/share/texlive/texmf-dist/tex/generic/stringenc/stringenc.sty
Package: stringenc 2019/11/29 v1.12 Convert strings between diff. encodings (HO
)
)))
(/usr/share/texlive/texmf-dist/tex/latex/tcolorbox/tcbexternal.code.tex
Library (tcolorbox): 'tcbexternal.code.tex' version '6.2.0'
) (/usr/share/texlive/texmf-dist/tex/latex/tcolorbox/tcbmagazine.code.tex
Library (tcolorbox): 'tcbmagazine.code.tex' version '6.2.0'
) (/usr/share/texlive/texmf-dist/tex/latex/tcolorbox/tcbvignette.code.tex
Library (tcolorbox): 'tcbvignette.code.tex' version '6.2.0'

(/usr/share/texlive/texmf-dist/tex/generic/pgf/frontendlayer/tikz/libraries/tik
zlibraryfadings.code.tex
File: tikzlibraryfadings.code.tex 2023-01-15 v3.1.10 (3.1.10)

(/usr/share/texlive/texmf-dist/tex/generic/pgf/libraries/pgflibraryfadings.code
.tex
File: pgflibraryfadings.code.tex 2023-01-15 v3.1.10 (3.1.10)
))) (/usr/share/texlive/texmf-dist/tex/latex/tcolorbox/tcbposter.code.tex
Library (tcolorbox): 'tcbposter.code.tex' version '6.2.0'
))
Package hyperref Info: Option `colorlinks' set `true' on input line 123.
Package csquotes Info: Checking for multilingual support...
Package csquotes Info: ... none found.
 (/usr/share/texlive/texmf-dist/tex/latex/l3backend/l3backend-pdftex.def
File: l3backend-pdftex.def 2024-01-04 L3 backend support: PDF output (pdfTeX)
\l__color_backend_stack_int=\count356
\l__pdf_internal_box=\box93
)
(./main.aux)
\openout1 = `main.aux'.

LaTeX Font Info:    Checking defaults for OML/cmm/m/it on input line 130.
LaTeX Font Info:    ... okay on input line 130.
LaTeX Font Info:    Checking defaults for OMS/cmsy/m/n on input line 130.
LaTeX Font Info:    ... okay on input line 130.
LaTeX Font Info:    Checking defaults for OT1/cmr/m/n on input line 130.
LaTeX Font Info:    ... okay on input line 130.
LaTeX Font Info:    Checking defaults for T1/cmr/m/n on input line 130.
LaTeX Font Info:    ... okay on input line 130.
LaTeX Font Info:    Checking defaults for TS1/cmr/m/n on input line 130.
LaTeX Font Info:    ... okay on input line 130.
LaTeX Font Info:    Checking defaults for OMX/cmex/m/n on input line 130.
LaTeX Font Info:    ... okay on input line 130.
LaTeX Font Info:    Checking defaults for U/cmr/m/n on input line 130.
LaTeX Font Info:    ... okay on input line 130.
LaTeX Font Info:    Checking defaults for PD1/pdf/m/n on input line 130.
LaTeX Font Info:    ... okay on input line 130.
LaTeX Font Info:    Checking defaults for PU/pdf/m/n on input line 130.
LaTeX Font Info:    ... okay on input line 130.
Package caption Info: Begin \AtBeginDocument code.
Package caption Info: float package is loaded.
Package caption Info: hyperref package is loaded.
Package caption Info: listings package is loaded.
Package caption Info: longtable package is loaded.
 (/usr/share/texlive/texmf-dist/tex/latex/caption/ltcaption.sty
Package: ltcaption 2021/01/08 v1.4c longtable captions (AR)
)
Package caption Info: rotating package is loaded.
Package caption Info: threeparttable package is loaded.
Package caption Info: End \AtBeginDocument code.

(/usr/share/texlive/texmf-dist/tex/context/base/mkii/supp-pdf.mkii
[Loading MPS to PDF converter (version 2006.09.02).]
\scratchcounter=\count357
\scratchdimen=\dimen310
\scratchbox=\box94
\nofMPsegments=\count358
\nofMParguments=\count359
\everyMPshowfont=\toks56
\MPscratchCnt=\count360
\MPscratchDim=\dimen311
\MPnumerator=\count361
\makeMPintoPDFobject=\count362
\everyMPtoPDFconversion=\toks57
)
\c@lstlisting=\count363
Package hyperref Info: Link coloring ON on input line 130.
 (./main.out) (./main.out)
\@outlinefile=\write4
\openout4 = `main.out'.

\docmute@nestinglevel=\count364
<Figures/CLD_thesis_intro_image_cropped.png, id=1555, 541.02126pt x 300.62312pt
>
File: Figures/CLD_thesis_intro_image_cropped.png Graphic file (type png)
<use Figures/CLD_thesis_intro_image_cropped.png>
Package pdftex.def Info: Figures/CLD_thesis_intro_image_cropped.png  used on in
put line 166.
(pdftex.def)             Requested size: 473.28705pt x 262.99411pt.
LaTeX Font Info:    Trying to load font information for U+msa on input line 173
.

(/usr/share/texlive/texmf-dist/tex/latex/amsfonts/umsa.fd
File: umsa.fd 2013/01/14 v3.01 AMS symbols A
)
LaTeX Font Info:    Trying to load font information for U+msb on input line 173
.

(/usr/share/texlive/texmf-dist/tex/latex/amsfonts/umsb.fd
File: umsb.fd 2013/01/14 v3.01 AMS symbols B
)
<clslogo.png, id=1560, 528.374pt x 176.66pt>
File: clslogo.png Graphic file (type png)
<use clslogo.png>
Package pdftex.def Info: clslogo.png  used on input line 190.
(pdftex.def)             Requested size: 115.6938pt x 38.682pt.
 [1



{/var/lib/texmf/fonts/map/pdftex/updmap/pdftex.map} <./Figures/CLD_thesis_intro
_image_cropped.png> <./clslogo.png>]
------------------------------------------------------------------------------
 Declaration of Authorship
------------------------------------------------------------------------------

Underfull \hbox (badness 10000) in paragraph at lines 233--233

 []

<Signature_nitai.png, id=1572, 822.07124pt x 199.74625pt>
File: Signature_nitai.png Graphic file (type png)
<use Signature_nitai.png>
Package pdftex.def Info: Signature_nitai.png  used on input line 233.
(pdftex.def)             Requested size: 128.0374pt x 31.10968pt.

Underfull \hbox (badness 10000) in paragraph at lines 233--233

 []


Underfull \hbox (badness 10000) in paragraph at lines 233--233

 []

[1]
Underfull \hbox (badness 10000) in paragraph at lines 233--233

 []

[2 <./Signature_nitai.png>] [3

]
------------------------------------------------------------------------------
 Abstract Page
------------------------------------------------------------------------------
[4

]
------------------------------------------------------------------------------
 Acknowledgements
------------------------------------------------------------------------------
[5

] (./main.toc [6

] [7] [8] [9] [10] [11] [12] [13])
\tf@toc=\write5
\openout5 = `main.toc'.

 (./main.lof [14])
\tf@lof=\write6
\openout6 = `main.lof'.


(./main.lot [15] [16]
Overfull \hbox (7.12135pt too wide) in paragraph at lines 120--120
 [][] [][][]\OT1/cmr/m/n/10.95 Node Con-cept Sim-i-lar-ity (\OT1/cmtt/m/n/10.95
 compare[]session[]graph[]to[]validation\OT1/cmr/m/n/10.95 , similarity-weighte
d node 
 []

)
\tf@lot=\write7
\openout7 = `main.lot'.

 [17]
------------------------------------------------------------------------------
 Abbreviations
------------------------------------------------------------------------------
[18


] (./Chapters/Introduction.tex
Chapter 1.
------------------------------------------------------------------------------
 1 Introduction
------------------------------------------------------------------------------
[1




]
<Figures/figure4_expert_time_vs_llm_generation.pdf, id=2361, 748.88535pt x 438.
37526pt>
File: Figures/figure4_expert_time_vs_llm_generation.pdf Graphic file (type pdf)

<use Figures/figure4_expert_time_vs_llm_generation.pdf>
Package pdftex.def Info: Figures/figure4_expert_time_vs_llm_generation.pdf  use
d on input line 28.
(pdftex.def)             Requested size: 525.87807pt x 307.8305pt.
 [2] [3 <./Figures/figure4_expert_time_vs_llm_generation.pdf>] [4] [5]
[6]) (./Chapters/Background.tex [7]
Chapter 2.
------------------------------------------------------------------------------
 2 Background
------------------------------------------------------------------------------
[8

] [9] [10] [11] (./Chapters/background_llms.tex

Package hyperref Warning: Difference (2) between bookmark levels is greater 
(hyperref)                than one, level fixed on input line 1.

<figures/background_LLM_images_stanford_CME_Cheatsheet/token_1_seq.png, id=2565
, 622.325pt x 37.64063pt>
File: figures/background_LLM_images_stanford_CME_Cheatsheet/token_1_seq.png Gra
phic file (type png)
<use figures/background_LLM_images_stanford_CME_Cheatsheet/token_1_seq.png>
Package pdftex.def Info: figures/background_LLM_images_stanford_CME_Cheatsheet/
token_1_seq.png  used on input line 12.
(pdftex.def)             Requested size: 525.87807pt x 31.80742pt.
[12 <./figures/background_LLM_images_stanford_CME_Cheatsheet/token_1_seq.png>]
<figures/background_LLM_images_stanford_CME_Cheatsheet/attention_1_sequence.png
, id=2583, 625.83812pt x 134.5025pt>
File: figures/background_LLM_images_stanford_CME_Cheatsheet/attention_1_sequenc
e.png Graphic file (type png)
<use figures/background_LLM_images_stanford_CME_Cheatsheet/attention_1_sequence
.png>
Package pdftex.def Info: figures/background_LLM_images_stanford_CME_Cheatsheet/
attention_1_sequence.png  used on input line 27.
(pdftex.def)             Requested size: 525.87807pt x 113.02235pt.
<figures/background_LLM_images_stanford_CME_Cheatsheet/attention_2_MHA.png, id=
2585, 625.83812pt x 193.22188pt>
File: figures/background_LLM_images_stanford_CME_Cheatsheet/attention_2_MHA.png
 Graphic file (type png)
<use figures/background_LLM_images_stanford_CME_Cheatsheet/attention_2_MHA.png>

Package pdftex.def Info: figures/background_LLM_images_stanford_CME_Cheatsheet/
attention_2_MHA.png  used on input line 36.
(pdftex.def)             Requested size: 499.58255pt x 154.24748pt.

[13 <./figures/background_LLM_images_stanford_CME_Cheatsheet/attention_1_sequen
ce.png>]
<figures/background_LLM_images_stanford_CME_Cheatsheet/architecture_2_encoder_d
ecoder_components.png, id=2600, 610.28pt x 332.74312pt>
File: figures/background_LLM_images_stanford_CME_Cheatsheet/architecture_2_enco
der_decoder_components.png Graphic file (type png)
<use figures/background_LLM_images_stanford_CME_Cheatsheet/architecture_2_encod
er_decoder_components.png>
Package pdftex.def Info: figures/background_LLM_images_stanford_CME_Cheatsheet/
architecture_2_encoder_decoder_components.png  used on input line 57.
(pdftex.def)             Requested size: 499.58255pt x 272.39923pt.
 [14 <./figures/background_LLM_images_stanford_CME_Cheatsheet/attention_2_MHA.p
ng>]
<figures/background_LLM_images_stanford_CME_Cheatsheet/architecture_1_encoder_d
ecoder_example.png, id=2611, 539.51563pt x 253.44687pt>
File: figures/background_LLM_images_stanford_CME_Cheatsheet/architecture_1_enco
der_decoder_example.png Graphic file (type png)
<use figures/background_LLM_images_stanford_CME_Cheatsheet/architecture_1_encod
er_decoder_example.png>
Package pdftex.def Info: figures/background_LLM_images_stanford_CME_Cheatsheet/
architecture_1_encoder_decoder_example.png  used on input line 64.
(pdftex.def)             Requested size: 499.58255pt x 234.69379pt.
<figures/transformer_Vaswani.png, id=2615, 288.57813pt x 405.01312pt>
File: figures/transformer_Vaswani.png Graphic file (type png)
<use figures/transformer_Vaswani.png>
Package pdftex.def Info: figures/transformer_Vaswani.png  used on input line 73
.
(pdftex.def)             Requested size: 289.23453pt x 405.95146pt.
 [15 <./figures/background_LLM_images_stanford_CME_Cheatsheet/architecture_2_en
coder_decoder_components.png> <./figures/background_LLM_images_stanford_CME_Che
atsheet/architecture_1_encoder_decoder_example.png>]
<figures/background_LLM_images_stanford_CME_Cheatsheet/variants_2_decoder_only.
png, id=2624, 245.41687pt x 147.55125pt>
File: figures/background_LLM_images_stanford_CME_Cheatsheet/variants_2_decoder_
only.png Graphic file (type png)
<use figures/background_LLM_images_stanford_CME_Cheatsheet/variants_2_decoder_o
nly.png>
Package pdftex.def Info: figures/background_LLM_images_stanford_CME_Cheatsheet/
variants_2_decoder_only.png  used on input line 92.
(pdftex.def)             Requested size: 394.40854pt x 237.13821pt.
 [16 <./figures/transformer_Vaswani.png>]
<figures/background_LLM_images_stanford_CME_Cheatsheet/decoding_sampling_2.png,
 id=2632, 818.6836pt x 172.01765pt>
File: figures/background_LLM_images_stanford_CME_Cheatsheet/decoding_sampling_2
.png Graphic file (type png)
<use figures/background_LLM_images_stanford_CME_Cheatsheet/decoding_sampling_2.
png>
Package pdftex.def Info: figures/background_LLM_images_stanford_CME_Cheatsheet/
decoding_sampling_2.png  used on input line 101.
(pdftex.def)             Requested size: 525.87807pt x 110.50038pt.
 [17 <./figures/background_LLM_images_stanford_CME_Cheatsheet/variants_2_decode
r_only.png> <./figures/background_LLM_images_stanford_CME_Cheatsheet/decoding_s
ampling_2.png>]) [18] [19])
(./Chapters/LiteratureReview.tex [20]
Chapter 3.
------------------------------------------------------------------------------
 3 Literature Review
------------------------------------------------------------------------------
[21

] (./Chapters/lit_review_cld_generation.tex [22] [23] [24] [25]

Package hyperref Warning: Difference (2) between bookmark levels is greater 
(hyperref)                than one, level fixed on input line 60.

[26]
Underfull \hbox (badness 10000) in paragraph at lines 92--92
[]|\OT1/cmr/bx/n/9 Corpus
 []


Underfull \hbox (badness 10000) in paragraph at lines 92--93
[]|\OT1/cmr/bx/n/9 Hallucination
 []


Underfull \hbox (badness 10000) in paragraph at lines 94--94
[]|\OT1/cmr/m/n/9 Text doc-u-
 []


Underfull \hbox (badness 5832) in paragraph at lines 96--96
\OT1/cmr/m/n/9 (causal trans-la-
 []


Underfull \hbox (badness 4492) in paragraph at lines 96--96
\OT1/cmr/m/n/9 tion + con-for-
 []


Underfull \hbox (badness 10000) in paragraph at lines 96--96
[]|\OT1/cmr/m/n/9 Text
 []


Underfull \hbox (badness 10000) in paragraph at lines 96--96
\OT1/cmr/m/n/9 prompts
 []


Underfull \hbox (badness 10000) in paragraph at lines 96--97
[]|\OT1/cmr/m/n/9 Evaluation bench-
 []


Overfull \hbox (2.7538pt too wide) in paragraph at lines 98--98
[]|\OT1/cmr/m/n/9 Theoraizer [[]]| 
 []


Underfull \hbox (badness 10000) in paragraph at lines 98--98
[]|\OT1/cmr/m/n/9 Variable-pair
 []


Underfull \hbox (badness 10000) in paragraph at lines 98--98
[]|\OT1/cmr/m/n/9 User-defined
 []


Underfull \hbox (badness 6725) in paragraph at lines 98--99
[]|\OT1/cmr/m/n/9 Logprob-based UQ;
 []


Underfull \hbox (badness 10000) in paragraph at lines 100--100
[]|\OT1/cmr/m/n/9 Liu &
 []


Underfull \hbox (badness 10000) in paragraph at lines 102--102
[]|\OT1/cmr/m/n/9 Typed op-er-a-
 []


Underfull \hbox (badness 10000) in paragraph at lines 102--102
\OT1/cmr/m/n/9 tors; it-er-a-tive
 []


Underfull \hbox (badness 4954) in paragraph at lines 102--102
[]|\OT1/cmr/m/n/9 Abstract +
 []


Underfull \hbox (badness 10000) in paragraph at lines 102--103
[]|\OT1/cmr/m/n/9 Expert re-fine-ment
 []


Overfull \hbox (7.57182pt too wide) in paragraph at lines 104--104
[]|\OT1/cmr/m/n/9 CausalRAG [[]]| 
 []


Underfull \hbox (badness 10000) in paragraph at lines 104--104
[]|\OT1/cmr/m/n/9 RAG-enhanced
 []


Underfull \hbox (badness 10000) in paragraph at lines 104--105
[]|\OT1/cmr/m/n/9 RAG ground-ing
 []


Underfull \hbox (badness 10000) in paragraph at lines 106--106
[]|\OT1/cmr/m/n/9 Susanti &
 []


Underfull \hbox (badness 7907) in paragraph at lines 106--106
[]|\OT1/cmr/m/n/9 Validation (not
 []


Underfull \hbox (badness 10000) in paragraph at lines 106--106
\OT1/cmr/m/n/9 gen-er-a-tion);
 []


Underfull \hbox (badness 10000) in paragraph at lines 106--106
\OT1/cmr/m/n/9 fine-tuning vs
 []


Underfull \hbox (badness 10000) in paragraph at lines 106--106
[]|\OT1/cmr/m/n/9 Existing
 []


Underfull \hbox (badness 10000) in paragraph at lines 106--106
\OT1/cmr/m/n/9 causal
 []


Underfull \hbox (badness 10000) in paragraph at lines 106--107
[]|\OT1/cmr/m/n/9 Fine-tuning (+20.5
 []


Underfull \hbox (badness 10000) in paragraph at lines 108--108
[]|\OT1/cmr/m/n/9 Zhang et
 []


Underfull \hbox (badness 10000) in paragraph at lines 108--108
[]|\OT1/cmr/m/n/9 RAG-based
 []


Underfull \hbox (badness 10000) in paragraph at lines 108--108
\OT1/cmr/m/n/9 causal graph
 []


Underfull \hbox (badness 10000) in paragraph at lines 110--110
[]|\OT1/cmr/m/n/9 Corpus-
 []


Underfull \hbox (badness 10000) in paragraph at lines 110--110
\OT1/cmr/m/n/9 independent
 []


Underfull \hbox (badness 10000) in paragraph at lines 110--110
\OT1/cmr/m/n/9 gen-er-a-tion +
 []


Underfull \hbox (badness 1424) in paragraph at lines 110--110
\OT1/cmr/m/n/9 post-hoc val-i-da-
 []


Underfull \hbox (badness 10000) in paragraph at lines 110--110
[]|\OT1/cmr/m/n/9 Domain
 []


Underfull \hbox (badness 3668) in paragraph at lines 110--111
\OT1/cmr/m/n/9 met-rics; Deep Re-
 []

[27] [28]) (./Chapters/background_prompts.tex [29] [30] [31])
(./Chapters/lit_review_llm_as_judge.tex [32] [33] [34] [35])
(./Chapters/lit_review_ci_metrics_background.tex [36] [37]

LaTeX Warning: `h' float specifier changed to `ht'.

[38] [39] [40] [41] [42]) [43] [44] [45])
Overfull \hbox (21.95595pt too wide) in paragraph at lines 86--420
[]\OT1/cmr/m/n/10.95 The rel-a-tive con-tri-bu-tion of LLM-as-a-Judge, LLM-as-a
-Corrector, and each met-ric class---LUQ met-rics, embedding-
 []

(./Chapters/Methods.tex [46]
Chapter 4.
------------------------------------------------------------------------------
 4 System Architecture
------------------------------------------------------------------------------
(./Figures/cld_pipeline_phased.tex) [47

] [48]
LaTeX Font Info:    Trying to load font information for OMS+cmtt on input line 
106.
LaTeX Font Info:    No file OMScmtt.fd. on input line 106.


LaTeX Font Warning: Font shape `OMS/cmtt/m/n' undefined
(Font)              using `OMS/cmsy/m/n' instead
(Font)              for symbol `textbraceleft' on input line 106.


Overfull \hbox (7.86414pt too wide) in paragraph at lines 106--107
\OT1/cmr/bx/n/10.95 Token se-quence note. \OT1/cmr/m/n/10.95 When avail-able (O
pe-nAI Chat Com-ple-tions with \OT1/cmtt/m/n/10.95 logprobs=True \OT1/cmr/m/n/1
0.95 and \OT1/cmtt/m/n/10.95 top[]logprobs=5\OT1/cmr/m/n/10.95 ),
 []


Overfull \hbox (54.59769pt too wide) in paragraph at lines 106--107
\OT1/cmr/m/n/10.95 logprob-derived UQ met-rics are com-puted over the model's \
OT1/cmr/m/it/10.95 com-ple-tion \OT1/cmr/m/n/10.95 to-ken stream ex-posed as \O
T1/cmtt/m/n/10.95 choice.logprobs.content
 []

[49] [50]
Overfull \hbox (30.53401pt too wide) in paragraph at lines 144--145
 []\OT1/cmr/bx/n/10.95 Citation Judge.[] \OT1/cmr/m/n/10.95 For citation-based 
judg-ing, we in-cor-po-rate self-verification pat-terns from Chain-of-Verificat
ion [[]]
 []

[51] [52] [53] [54]
Underfull \hbox (badness 4582) in paragraph at lines 293--294
\OT1/cmr/m/n/10.95 10), \OT1/cmtt/m/n/10 direct[]causal[]found \OT1/cmr/m/n/10.
95 flag, strongest-evidence fields (\OT1/cmtt/m/n/10 strongest[]causal[]evidenc
e[]url\OT1/cmr/m/n/10 , \OT1/cmtt/m/n/10 ...[]passage\OT1/cmr/m/n/10 ,
 []

[55] (./Figures/deep_research_flowchart.tex) [56] [57]
Chapter 5.
------------------------------------------------------------------------------
 5 Experimental Data
------------------------------------------------------------------------------
[58

]
LaTeX Font Info:    Trying to load font information for OMS+cmr on input line 3
83.
 (/usr/share/texlive/texmf-dist/tex/latex/base/omscmr.fd
File: omscmr.fd 2023/04/13 v2.5m Standard LaTeX font definitions
)
LaTeX Font Info:    Font shape `OMS/cmr/m/n' in size <10.95> not available
(Font)              Font shape `OMS/cmsy/m/n' tried instead on input line 383.
 [59] [60]
Underfull \hbox (badness 10000) in paragraph at lines 448--448
[]|\OT1/cmtt/m/n/9 pmc.../PMC9205365\OT1/cmr/m/n/9 ,
 []

[61] [62]
Chapter 6.
------------------------------------------------------------------------------
 6 Experimental Design
------------------------------------------------------------------------------
[63


]
Underfull \hbox (badness 2119) in paragraph at lines 539--539
[]|\OT1/cmr/m/n/10 Generator edge re-
 []


Underfull \hbox (badness 1038) in paragraph at lines 541--542
\OT1/cmr/m/n/10 nodes $\OML/cmm/m/it/10 V$\OT1/cmr/m/n/10 . We score edge ex-is
-tence in or-
 []


Underfull \hbox (badness 3312) in paragraph at lines 543--543
[]|\OT1/cmr/m/n/10 Judge hal-lu-ci-na-tion
 []

(./Figures/experimental_pipeline_overview.tex) [64] [65]
Overfull \hbox (21.27643pt too wide) in paragraph at lines 608--613
\OT1/cmr/bx/n/10.95 Outputs: \OT1/cmr/m/n/10.95 pre/-post cor-rec-tion edge ta-
bles and re-judged scores; block-level im-prove-ments $^^A$Precision/$^^A$Recal
l/$^^A$F1
 []

[66] [67] [68] [69] [70] [71] [72]
Overfull \hbox (4.24904pt too wide) in paragraph at lines 817--818
 []\OT1/cmr/bx/n/10.95 Computational Ef-fi-ciency Met-rics (Sup-ple-men-tary An
al-y-sis).[] \OT1/cmr/m/n/10.95 To char-ac-terise the cost--accuracy trade-
 []

[73] [74] [75] [76]
LaTeX Font Info:    Font shape `OMS/cmr/m/n' in size <8> not available
(Font)              Font shape `OMS/cmsy/m/n' tried instead on input line 954.
 [77

]) (./Chapters/Results.tex [78

]
Chapter 7.
------------------------------------------------------------------------------
 7 Results
------------------------------------------------------------------------------

(../../final_runs/prelim_generator_model_comparison/Output/generator_model_comp
arison.tex
Overfull \hbox (0.70566pt too wide) in paragraph at lines 6--36
 [] 
 []

) [79

] [80]
<../../final_runs/prelim_random_baseline_generator/Output/random_baseline_compa
rison.png, id=3586, 714.7503pt x 389.7762pt>
File: ../../final_runs/prelim_random_baseline_generator/Output/random_baseline_
comparison.png Graphic file (type png)
<use ../../final_runs/prelim_random_baseline_generator/Output/random_baseline_c
omparison.png>
Package pdftex.def Info: ../../final_runs/prelim_random_baseline_generator/Outp
ut/random_baseline_comparison.png  used on input line 43.
(pdftex.def)             Requested size: 473.28705pt x 258.10358pt.

(../../final_runs/prelim_random_baseline_generator/Output/random_baseline_table
.tex) [81 <../../final_runs/prelim_random_baseline_generator/Output/random_base
line_comparison.png>]
(../../final_runs/prelim_temperature_sensitivity/Output/temperature_sensitivity
_table.tex)
(../../final_runs/validation_RQ1_truthfulqa_judge/truthqa_verification_table.te
x) [82] [83]

Package hyperref Warning: Token not allowed in a PDF string (Unicode):
(hyperref)                removing `math shift' on input line 107.


Package hyperref Warning: Token not allowed in a PDF string (Unicode):
(hyperref)                removing `\times' on input line 107.


Package hyperref Warning: Token not allowed in a PDF string (Unicode):
(hyperref)                removing `math shift' on input line 107.

<Figures/final_runs/RQ1a_gt_synth_correctness/enhanced_analysis_latest/rq1a_row
1_performance_metrics.png, id=3618, 1181.1327pt x 372.6723pt>
File: Figures/final_runs/RQ1a_gt_synth_correctness/enhanced_analysis_latest/rq1
a_row1_performance_metrics.png Graphic file (type png)
<use Figures/final_runs/RQ1a_gt_synth_correctness/enhanced_analysis_latest/rq1a
_row1_performance_metrics.png>
Package pdftex.def Info: Figures/final_runs/RQ1a_gt_synth_correctness/enhanced_
analysis_latest/rq1a_row1_performance_metrics.png  used on input line 126.
(pdftex.def)             Requested size: 525.87807pt x 165.9211pt.
[84 <./Figures/final_runs/RQ1a_gt_synth_correctness/enhanced_analysis_latest/rq
1a_row1_performance_metrics.png>]
<Figures/final_runs/RQ1a_gt_synth_correctness/enhanced_analysis_latest/rq1a_row
2_detailed_analysis.png, id=3630, 1164.5106pt x 369.5406pt>
File: Figures/final_runs/RQ1a_gt_synth_correctness/enhanced_analysis_latest/rq1
a_row2_detailed_analysis.png Graphic file (type png)
<use Figures/final_runs/RQ1a_gt_synth_correctness/enhanced_analysis_latest/rq1a
_row2_detailed_analysis.png>
Package pdftex.def Info: Figures/final_runs/RQ1a_gt_synth_correctness/enhanced_
analysis_latest/rq1a_row2_detailed_analysis.png  used on input line 144.
(pdftex.def)             Requested size: 525.87807pt x 166.87816pt.
 [85]

Package hyperref Warning: Token not allowed in a PDF string (Unicode):
(hyperref)                removing `math shift' on input line 160.


Package hyperref Warning: Token not allowed in a PDF string (Unicode):
(hyperref)                removing `\times' on input line 160.


Package hyperref Warning: Token not allowed in a PDF string (Unicode):
(hyperref)                removing `math shift' on input line 160.

[86 <./Figures/final_runs/RQ1a_gt_synth_correctness/enhanced_analysis_latest/rq
1a_row2_detailed_analysis.png>]
<Figures/final_runs/RQ1a_gt_lit_correctness/enhanced_analysis_latest/rq1a_groun
d_truth_row1_performance_metrics.png, id=3646, 1175.3511pt x 371.9496pt>
File: Figures/final_runs/RQ1a_gt_lit_correctness/enhanced_analysis_latest/rq1a_
ground_truth_row1_performance_metrics.png Graphic file (type png)
<use Figures/final_runs/RQ1a_gt_lit_correctness/enhanced_analysis_latest/rq1a_g
round_truth_row1_performance_metrics.png>
Package pdftex.def Info: Figures/final_runs/RQ1a_gt_lit_correctness/enhanced_an
alysis_latest/rq1a_ground_truth_row1_performance_metrics.png  used on input lin
e 182.
(pdftex.def)             Requested size: 525.87807pt x 166.42229pt.
 [87 <./Figures/final_runs/RQ1a_gt_lit_correctness/enhanced_analysis_latest/rq1
a_ground_truth_row1_performance_metrics.png>]
<Figures/final_runs/RQ1a_gt_lit_correctness/enhanced_analysis_latest/rq1a_groun
d_truth_row2_detailed_analysis.png, id=3657, 1164.5106pt x 369.5406pt>
File: Figures/final_runs/RQ1a_gt_lit_correctness/enhanced_analysis_latest/rq1a_
ground_truth_row2_detailed_analysis.png Graphic file (type png)
<use Figures/final_runs/RQ1a_gt_lit_correctness/enhanced_analysis_latest/rq1a_g
round_truth_row2_detailed_analysis.png>
Package pdftex.def Info: Figures/final_runs/RQ1a_gt_lit_correctness/enhanced_an
alysis_latest/rq1a_ground_truth_row2_detailed_analysis.png  used on input line 
200.
(pdftex.def)             Requested size: 525.87807pt x 166.87816pt.

[88 <./Figures/final_runs/RQ1a_gt_lit_correctness/enhanced_analysis_latest/rq1a
_ground_truth_row2_detailed_analysis.png>]

Package hyperref Warning: Token not allowed in a PDF string (Unicode):
(hyperref)                removing `math shift' on input line 216.


Package hyperref Warning: Token not allowed in a PDF string (Unicode):
(hyperref)                removing `\times' on input line 216.


Package hyperref Warning: Token not allowed in a PDF string (Unicode):
(hyperref)                removing `math shift' on input line 216.

<Figures/final_runs/RQ1a_gt_synth_citation/enhanced_analysis_latest/rq1a_row1_p
erformance_metrics.png, id=3669, 1181.1327pt x 372.6723pt>
File: Figures/final_runs/RQ1a_gt_synth_citation/enhanced_analysis_latest/rq1a_r
ow1_performance_metrics.png Graphic file (type png)
<use Figures/final_runs/RQ1a_gt_synth_citation/enhanced_analysis_latest/rq1a_ro
w1_performance_metrics.png>
Package pdftex.def Info: Figures/final_runs/RQ1a_gt_synth_citation/enhanced_ana
lysis_latest/rq1a_row1_performance_metrics.png  used on input line 238.
(pdftex.def)             Requested size: 525.87807pt x 165.9211pt.
[89 <./Figures/final_runs/RQ1a_gt_synth_citation/enhanced_analysis_latest/rq1a_
row1_performance_metrics.png>]
<Figures/final_runs/RQ1a_gt_synth_citation/enhanced_analysis_latest/rq1a_row2_d
etailed_analysis.png, id=3680, 1164.5106pt x 369.5406pt>
File: Figures/final_runs/RQ1a_gt_synth_citation/enhanced_analysis_latest/rq1a_r
ow2_detailed_analysis.png Graphic file (type png)
<use Figures/final_runs/RQ1a_gt_synth_citation/enhanced_analysis_latest/rq1a_ro
w2_detailed_analysis.png>
Package pdftex.def Info: Figures/final_runs/RQ1a_gt_synth_citation/enhanced_ana
lysis_latest/rq1a_row2_detailed_analysis.png  used on input line 256.
(pdftex.def)             Requested size: 525.87807pt x 166.87816pt.

Overfull \hbox (29.93803pt too wide) in paragraph at lines 264--265
[]\OT1/cmr/m/n/10.95 The mid-dle plot of Fig-ure [][]7.7[][] shows the point-bi
serial cor-re-la-tion (Pear-son $\OML/cmm/m/it/10.95 r$\OT1/cmr/m/n/10.95 ) be-
tween hal-lu-ci-na-tions (\OT1/cmtt/m/n/10.95 corrupted=True
 []

[90 <./Figures/final_runs/RQ1a_gt_synth_citation/enhanced_analysis_latest/rq1a_
row2_detailed_analysis.png>]

Package hyperref Warning: Token not allowed in a PDF string (Unicode):
(hyperref)                removing `math shift' on input line 273.


Package hyperref Warning: Token not allowed in a PDF string (Unicode):
(hyperref)                removing `\times' on input line 273.


Package hyperref Warning: Token not allowed in a PDF string (Unicode):
(hyperref)                removing `math shift' on input line 273.

<Figures/final_runs/RQ1a_gt_lit_citation/enhanced_analysis_latest/rq1a_ground_t
ruth_row1_performance_metrics.png, id=3693, 1175.3511pt x 371.9496pt>
File: Figures/final_runs/RQ1a_gt_lit_citation/enhanced_analysis_latest/rq1a_gro
und_truth_row1_performance_metrics.png Graphic file (type png)
<use Figures/final_runs/RQ1a_gt_lit_citation/enhanced_analysis_latest/rq1a_grou
nd_truth_row1_performance_metrics.png>
Package pdftex.def Info: Figures/final_runs/RQ1a_gt_lit_citation/enhanced_analy
sis_latest/rq1a_ground_truth_row1_performance_metrics.png  used on input line 2
92.
(pdftex.def)             Requested size: 525.87807pt x 166.42229pt.
[91 <./Figures/final_runs/RQ1a_gt_lit_citation/enhanced_analysis_latest/rq1a_gr
ound_truth_row1_performance_metrics.png>]
<Figures/final_runs/RQ1a_gt_lit_citation/enhanced_analysis_latest/rq1a_ground_t
ruth_row2_detailed_analysis.png, id=3704, 1164.5106pt x 369.5406pt>
File: Figures/final_runs/RQ1a_gt_lit_citation/enhanced_analysis_latest/rq1a_gro
und_truth_row2_detailed_analysis.png Graphic file (type png)
<use Figures/final_runs/RQ1a_gt_lit_citation/enhanced_analysis_latest/rq1a_grou
nd_truth_row2_detailed_analysis.png>
Package pdftex.def Info: Figures/final_runs/RQ1a_gt_lit_citation/enhanced_analy
sis_latest/rq1a_ground_truth_row2_detailed_analysis.png  used on input line 311
.
(pdftex.def)             Requested size: 525.87807pt x 166.87816pt.
 [92 <./Figures/final_runs/RQ1a_gt_lit_citation/enhanced_analysis_latest/rq1a_g
round_truth_row2_detailed_analysis.png>] (../../final_runs/validation_RQ1a_huma
n_agreement/human_validation_table.tex [93])
(../../final_runs/validation_RQ1a_human_agreement/human_validation_confusion_ta
ble.tex) [94]
(../../final_runs/validation_RQ1a_ulemans_external/search_provider_comparison_t
able.tex
Overfull \hbox (2.50444pt too wide) in paragraph at lines 11--33
 [] 
 []

) [95]
(../../final_runs/validation_RQ1a_physics_clds/physics_comparison_table.tex)
(../../final_runs/validation_RQ1a_physics_clds/retrieval_comparison_table.tex
[96]) [97] [98]

Package hyperref Warning: Token not allowed in a PDF string (Unicode):
(hyperref)                removing `math shift' on input line 449.


Package hyperref Warning: Token not allowed in a PDF string (Unicode):
(hyperref)                removing `\times' on input line 449.


Package hyperref Warning: Token not allowed in a PDF string (Unicode):
(hyperref)                removing `math shift' on input line 449.

(../../final_runs/RQ1b_corrector_ablation/baseline_table_synthetic.tex)
[99]

Package hyperref Warning: Token not allowed in a PDF string (Unicode):
(hyperref)                removing `math shift' on input line 461.


Package hyperref Warning: Token not allowed in a PDF string (Unicode):
(hyperref)                removing `\times' on input line 461.


Package hyperref Warning: Token not allowed in a PDF string (Unicode):
(hyperref)                removing `math shift' on input line 461.

(../../final_runs/RQ1b_corrector_ablation/ablation_table_synthetic.tex)
[100]

Package hyperref Warning: Token not allowed in a PDF string (Unicode):
(hyperref)                removing `math shift' on input line 475.


Package hyperref Warning: Token not allowed in a PDF string (Unicode):
(hyperref)                removing `\times' on input line 475.


Package hyperref Warning: Token not allowed in a PDF string (Unicode):
(hyperref)                removing `math shift' on input line 475.

(../../final_runs/RQ1b_corrector_ablation/baseline_table_groundtruth.tex)

Package hyperref Warning: Token not allowed in a PDF string (Unicode):
(hyperref)                removing `math shift' on input line 492.


Package hyperref Warning: Token not allowed in a PDF string (Unicode):
(hyperref)                removing `\times' on input line 492.


Package hyperref Warning: Token not allowed in a PDF string (Unicode):
(hyperref)                removing `math shift' on input line 492.

(../../final_runs/RQ1b_corrector_ablation/ablation_table_groundtruth.tex)
[101] [102] [103]
(../../final_runs/RQ2_uq_hallucination_detection/single_metric_table.tex)
[104] [105]
<figures/phase6_distributions_with_effect_sizes.png, id=3857, 930.5967pt x 859.
7721pt>
File: figures/phase6_distributions_with_effect_sizes.png Graphic file (type png
)
<use figures/phase6_distributions_with_effect_sizes.png>
Package pdftex.def Info: figures/phase6_distributions_with_effect_sizes.png  us
ed on input line 554.
(pdftex.def)             Requested size: 525.87807pt x 485.86397pt.
 [106]
(../../final_runs/RQ2_uq_hallucination_detection/normality_tests_table.tex)
[107 <./figures/phase6_distributions_with_effect_sizes.png>] [108]
<../../final_runs/RQ2_uq_hallucination_detection/phase4_rfe_complete.png, id=38
77, 1001.9031pt x 350.7504pt>
File: ../../final_runs/RQ2_uq_hallucination_detection/phase4_rfe_complete.png G
raphic file (type png)
<use ../../final_runs/RQ2_uq_hallucination_detection/phase4_rfe_complete.png>
Package pdftex.def Info: ../../final_runs/RQ2_uq_hallucination_detection/phase4
_rfe_complete.png  used on input line 582.
(pdftex.def)             Requested size: 525.87807pt x 184.1039pt.

(../../final_runs/RQ2_uq_hallucination_detection/ensemble_performance_table.tex
[109 <../../final_runs/RQ2_uq_hallucination_detection/phase4_rfe_complete.png>]
) [110]
Overfull \hbox (3.8623pt too wide) in paragraph at lines 612--613
[]\OT1/cmr/bx/n/10.95 High-capacity en-sem-bles over-fit across do-mains. \OT1/
cmr/m/n/10.95 Ran-dom For-est achieves the high-est in-distribution
 []

[111] [112] (../../final_runs/RQ3_deep_research_validation/rq3_main_table.tex)
<../../final_runs/RQ3_deep_research_validation/Output/rq3_combined_figure.png, 
id=3918, 1000.2168pt x 349.7868pt>
File: ../../final_runs/RQ3_deep_research_validation/Output/rq3_combined_figure.
png Graphic file (type png)
<use ../../final_runs/RQ3_deep_research_validation/Output/rq3_combined_figure.p
ng>
Package pdftex.def Info: ../../final_runs/RQ3_deep_research_validation/Output/r
q3_combined_figure.png  used on input line 678.
(pdftex.def)             Requested size: 525.87807pt x 183.90768pt.

[113] (../../final_runs/RQ3_deep_research_validation/rq3_per_cld_table.tex)
[114 <../../final_runs/RQ3_deep_research_validation/Output/rq3_combined_figure.
png>] (../../final_runs/RQ3_deep_research_validation/rq3_enriched_gt_table.tex)
(./generated/rq3_enrichment_validation_numbers.tex)
(./generated/rq3_human_validation_numbers.tex)
(./generated/rq3_human_validation_table.tex)
(./generated/rq3_verdict_distribution_table.tex [115])
Overfull \hbox (9.05585pt too wide) in paragraph at lines 729--730
\OT1/cmr/bx/n/10.95 Applicability-based cal-i-bra-tion (thesis-ready fil-ter-in
g). \OT1/cmr/m/n/10.95 Be-cause DR's bi-nary \OT1/cmtt/m/n/10.95 direct[]causal
[]found=True
 []

<../../final_runs/RQ3_deep_research_validation/validation/all_edges_threshold_t
radeoff.png, id=3949, 463.2507pt x 226.446pt>
File: ../../final_runs/RQ3_deep_research_validation/validation/all_edges_thresh
old_tradeoff.png Graphic file (type png)
<use ../../final_runs/RQ3_deep_research_validation/validation/all_edges_thresho
ld_tradeoff.png>
Package pdftex.def Info: ../../final_runs/RQ3_deep_research_validation/validati
on/all_edges_threshold_tradeoff.png  used on input line 736.
(pdftex.def)             Requested size: 214.55675pt x 104.88165pt.

Package caption Warning: The type was already set to `figure'
(caption)                 on input line 748.
See the caption package documentation for explanation.


Overfull \hbox (19.91632pt too wide) in paragraph at lines 754--756
 [] 
 []

(./generated/rq3_enrichment_validation_table.tex) [116 <../../final_runs/RQ3_de
ep_research_validation/validation/all_edges_threshold_tradeoff.png>]
(./generated/rq3_smart_trigger_numbers.tex)
(./generated/rq3_smart_trigger_table.tex [117])
<../../final_runs/RQ3_deep_research_validation/validation/dr_cost_efficiency_co
mparison.png, id=3970, 1003.1076pt x 423.984pt>
File: ../../final_runs/RQ3_deep_research_validation/validation/dr_cost_efficien
cy_comparison.png Graphic file (type png)
<use ../../final_runs/RQ3_deep_research_validation/validation/dr_cost_efficienc
y_comparison.png>
Package pdftex.def Info: ../../final_runs/RQ3_deep_research_validation/validati
on/dr_cost_efficiency_comparison.png  used on input line 790.
(pdftex.def)             Requested size: 499.58255pt x 211.1569pt.
 [118 <../../final_runs/RQ3_deep_research_validation/validation/dr_cost_efficie
ncy_comparison.png>] [119]
(./generated/effect_size_summary_table.tex
Underfull \hbox (badness 10000) in paragraph at lines 60--60
[]|$\OML/cmm/m/it/8 H[]$\OT1/cmr/m/n/8 :
 []


Underfull \hbox (badness 10000) in paragraph at lines 60--60
[]|$\OML/cmm/m/it/8 H[]$\OT1/cmr/m/n/8 :
 []


Overfull \hbox (9.06104pt too wide) in paragraph at lines 6--70
 [] 
 []

) [120] [121]
<../../final_runs/supp_time_cost_scaling/Output/figure3_generation_vs_judging.p
ng, id=4010, 1001.6622pt x 424.4658pt>
File: ../../final_runs/supp_time_cost_scaling/Output/figure3_generation_vs_judg
ing.png Graphic file (type png)
<use ../../final_runs/supp_time_cost_scaling/Output/figure3_generation_vs_judgi
ng.png>
Package pdftex.def Info: ../../final_runs/supp_time_cost_scaling/Output/figure3
_generation_vs_judging.png  used on input line 844.
(pdftex.def)             Requested size: 525.87807pt x 222.85435pt.
 (../../final_runs/latex/table21_scaling_summary.tex) [122 <../../final_runs/su
pp_time_cost_scaling/Output/figure3_generation_vs_judging.png>]
<../../final_runs/supp_parallelization_benchmark/Output/parallelization_thesis_
figure.png, id=4019, 867.24pt x 361.35pt>
File: ../../final_runs/supp_parallelization_benchmark/Output/parallelization_th
esis_figure.png Graphic file (type png)
<use ../../final_runs/supp_parallelization_benchmark/Output/parallelization_the
sis_figure.png>
Package pdftex.def Info: ../../final_runs/supp_parallelization_benchmark/Output
/parallelization_thesis_figure.png  used on input line 866.
(pdftex.def)             Requested size: 525.87807pt x 219.12744pt.

[123]
(../../final_runs/supp_parallelization_benchmark/parallelization_table.tex))
(./Chapters/Discussion.tex [124 <../../final_runs/supp_parallelization_benchmar
k/Output/parallelization_thesis_figure.png>]
Chapter 8.
------------------------------------------------------------------------------
 8 Discussion
------------------------------------------------------------------------------
(./Chapters/Discussion_intro.tex) [125

] [126] [127]
Underfull \hbox (badness 10000) in paragraph at lines 68--68
\OT1/cmtt/m/n/9 emergency _ department / run _ 2 / judged _ older _ persons _ e
mergency _ department _ visits _ and _ interactionstitled _ spreadsheet _
 []

[128]
Underfull \hbox (badness 10000) in paragraph at lines 98--98
\OT1/cmtt/m/n/9 gt _ synth _ citation / emergency _ department / run _ 2 / judg
ed _ citation _ older _ persons _ emergency _ department _ visits _ and _
 []


Underfull \hbox (badness 3646) in paragraph at lines 98--98
\OT1/cmtt/m/n/9 interactionstitled _ spreadsheet _ mechanistic _ 20251204 _ 092
254 _ 20251204 _ 102947 . xlsx$\OT1/cmr/m/n/9 ; run log con-tains per-edge up-
 []


Underfull \hbox (badness 1496) in paragraph at lines 98--98
\OT1/cmr/m/n/9 dates in-clud-ing \OT1/cmtt/m/n/9 (Proactive attitude)-[:POSITIV
E]->(Language and cultural barriers) \OT1/cmr/m/n/9 with \OT1/cmtt/m/n/9 aggreg
ate[]score=1.0 \OT1/cmr/m/n/9 and
 []


Underfull \hbox (badness 2990) in paragraph at lines 98--98
\OT1/cmtt/m/n/9 (Accessibility of information)-[:NEGATIVE]->(Knowledge) \OT1/cm
r/m/n/9 with \OT1/cmtt/m/n/9 aggregate[]score=0.625\OT1/cmr/m/n/9 : $\OT1/cmtt/
m/n/9 final _ runs / RQ1a _ gt _ synth _
 []

[129] [130] [131] [132]
Underfull \hbox (badness 10000) in paragraph at lines 169--169
\OT1/cmtt/m/n/9 ablation / Data / RQ1b _ corrector _ experiment _ ground _ trut
h _ correctness _ mechanistic / depressive / run _ 2 / correction _
 []


Underfull \hbox (badness 10000) in paragraph at lines 169--169
\OT1/cmtt/m/n/9 outcomes _ ca7a8e72 . json$ \OT1/cmr/m/n/9 vs. $\OT1/cmtt/m/n/9
 final _ runs / RQ1b _ corrector _ ablation / Data / RQ1b _ corrector _ experim
ent _ ground _ truth _
 []

[133] [134] [135] [136] [137] [138] [139] [140] [141] [142] [143] [144]
[145] [146]
Overfull \hbox (3.16998pt too wide) in paragraph at lines 447--448
[]\OT1/cmr/bx/n/10.95 Component-wise ab-la-tion to-ward a min-i-mal DR prim-i-t
ive. \OT1/cmr/m/n/10.95 The pivot favoured a non-parsimonious
 []

[147]) (./Chapters/ConclusionsandFutureWork.tex [148]
Chapter 9.
------------------------------------------------------------------------------
 9 Conclusion
------------------------------------------------------------------------------
[149

] [150]) (./Chapters/EthicsandDataManagement.tex [151]
Chapter 10.
------------------------------------------------------------------------------
 10 Ethics and Data Management
------------------------------------------------------------------------------
[152

]) (./appendix_sensitivity.tex [153]
Appendix A.
------------------------------------------------------------------------------
 A Supplementary Sensitivity Analysis
------------------------------------------------------------------------------
[154

]
<Figures/final_runs/supp_prompt_sensitivity/prompt_sensitivity_figure.png, id=4
326, 1127.412pt x 762.2076pt>
File: Figures/final_runs/supp_prompt_sensitivity/prompt_sensitivity_figure.png 
Graphic file (type png)
<use Figures/final_runs/supp_prompt_sensitivity/prompt_sensitivity_figure.png>
Package pdftex.def Info: Figures/final_runs/supp_prompt_sensitivity/prompt_sens
itivity_figure.png  used on input line 44.
(pdftex.def)             Requested size: 525.87807pt x 355.53938pt.

(./Figures/final_runs/supp_prompt_sensitivity/prompt_sensitivity_table.tex)
[155 <./Figures/final_runs/supp_prompt_sensitivity/prompt_sensitivity_figure.pn
g>]
(./Figures/final_runs/supp_prompt_sensitivity/prompt_sensitivity_assumptions_ta
ble.tex) [156]
<Figures/final_runs/supp_prompt_sensitivity/corrector_sensitivity_figure.png, i
d=4345, 954.4458pt x 400.8576pt>
File: Figures/final_runs/supp_prompt_sensitivity/corrector_sensitivity_figure.p
ng Graphic file (type png)
<use Figures/final_runs/supp_prompt_sensitivity/corrector_sensitivity_figure.pn
g>
Package pdftex.def Info: Figures/final_runs/supp_prompt_sensitivity/corrector_s
ensitivity_figure.png  used on input line 67.
(pdftex.def)             Requested size: 525.87807pt x 220.86382pt.

(./Figures/final_runs/supp_prompt_sensitivity/corrector_sensitivity_table.tex)
(./Figures/final_runs/supp_prompt_sensitivity/corrector_sensitivity_assumptions
_table.tex) [157 <./Figures/final_runs/supp_prompt_sensitivity/corrector_sensit
ivity_figure.png>]) (./Appendices/AppendixA.tex [158]
Appendix B.
------------------------------------------------------------------------------
 B Function-to-Algorithm Mapping
------------------------------------------------------------------------------

Underfull \hbox (badness 10000) in paragraph at lines 36--36
[]|\OT1/cmr/m/n/9 DeepResearchManager (py-dan-
 []

[159

]
Appendix C.
------------------------------------------------------------------------------
 C Reproducibility
------------------------------------------------------------------------------

Underfull \hbox (badness 1132) in paragraph at lines 57--57
[]\OT1/cmr/bx/n/10.95 Reproduction Scope. \OT1/cmr/m/n/10.95 A pub-lic re-pro-d
uc-tion snap-shot is avail-able at [][]$\OT1/cmtt/m/n/10.95 https : / / github 
. com /
 []

[160

]
Overfull \hbox (7.24097pt too wide) in paragraph at lines 107--107
[]|\OT1/cmtt/m/n/9 final[]runs/validation[]RQ1a[]physics[]clds/cld[]data[]files
/| 
 []


Overfull \hbox (18.01385pt too wide) in paragraph at lines 107--107
[]|\OT1/cmtt/m/n/9 final[]runs/RQ3[]deep[]research[]validation/human[]validatio
n/| 
 []


Overfull \hbox (61.65489pt too wide) in paragraph at lines 137--138
[]\OT1/cmr/bx/n/10.95 Data for-mat: \OT1/cmr/m/n/10.95 Fi-nal JSON struc-ture: 
\OMS/cmsy/m/n/10.95 f\OT1/cmtt/m/n/10.95 source, target, polarity, motivation, 
references[\OMS/cmsy/m/n/10.95 f\OT1/cmtt/m/n/10.95 short[]citation,
 []


Overfull \hbox (21.8917pt too wide) in paragraph at lines 137--138
\OT1/cmtt/m/n/10.95 full[]citation, url, supporting[]quote\OMS/cmsy/m/n/10.95 g
\OT1/cmtt/m/n/10.95 ]\OMS/cmsy/m/n/10.95 g\OT1/cmr/m/n/10.95 . Con-verted to Ex
-cel for-mat via \OT1/cmtt/m/n/10.95 create[]thermostat[]excel.py\OT1/cmr/m/n/1
0.95 . 
 []

[161]
Overfull \hbox (68.34377pt too wide) in paragraph at lines 142--143
\OT1/cmr/bx/n/10.95 Data lo-ca-tions. \OT1/cmr/m/n/10.95 JSON files: \OT1/cmtt/
m/n/10.95 final[]runs/validation[]RQ1a[]physics[]clds/Data/physics[]clds[]with[
]references/*.json\OT1/cmr/m/n/10.95 ;
 []

[162]
Overfull \hbox (13.79756pt too wide) in paragraph at lines 301--301
[]|\OT1/cmtt/m/n/9 final[]runs/RQ3[]deep[]research[]validation/scripts/estimate
[]smart[]trigger[]dr[]enrichment.py| 
 []


Overfull \hbox (29.2954pt too wide) in paragraph at lines 301--301
[]|\OT1/cmtt/m/n/9 final[]runs/RQ3[]deep[]research[]validation/scripts/generate
[]validation[]distribution[]tables.py| 
 []


Overfull \hbox (24.57045pt too wide) in paragraph at lines 301--301
[]|\OT1/cmtt/m/n/9 final[]runs/prelim[]generator[]model[]comparison/analysis[]s
cripts/analyze[]generator[]models.py| 
 []


Overfull \hbox (44.79323pt too wide) in paragraph at lines 301--301
[]|\OT1/cmtt/m/n/9 final[]runs/supp[]parallelization[]benchmark/analysis[]scrip
ts/analyze[]parallelization[]results.py| 
 []


Overfull \hbox (6.99367pt too wide) in paragraph at lines 301--301
[]|\OT1/cmtt/m/n/9 final[]runs/supp[]prompt[]sensitivity/analysis[]scripts/sens
itivity[]analysis[]corrector.py| 
 []

[163]
LaTeX Font Info:    Font shape `OT1/cmtt/bx/n' in size <12> not available
(Font)              Font shape `OT1/cmtt/m/n' tried instead on input line 306.
 [164]
Overfull \hbox (17.85402pt too wide) in paragraph at lines 422--422
[]|\OT1/cmtt/m/n/9 alternative[]prompts/prompts[]correctness[]\OMS/cmtt/m/n/9 f
\OT1/cmtt/m/n/9 baseline,mechanistic,cot\OMS/cmtt/m/n/9 g\OT1/cmtt/m/n/9 .yaml|
 
 []


Overfull \hbox (44.88069pt too wide) in paragraph at lines 422--422
[]|\OT1/cmtt/m/n/9 alternative[]prompts/prompts[]citation[]\OMS/cmtt/m/n/9 f\OT
1/cmtt/m/n/9 baseline,mechanistic,cot,mech[]lit\OMS/cmtt/m/n/9 g\OT1/cmtt/m/n/9
 .yaml| 
 []

[165] [166]
Overfull \hbox (14.35204pt too wide) in paragraph at lines 513--514
\OT1/cmr/m/n/10.95 Complete Bib-TeX ci-ta-tions for all soft-ware are avail-abl
e in the repos-i-tory at \OT1/cmtt/m/n/10.95 thesis/final[]thesis/software.bib\
OT1/cmr/m/n/10.95 . 
 []

[167]
Overfull \hbox (22.2798pt too wide) in paragraph at lines 561--562
[]\OT1/cmr/bx/n/10.95 Script Lo-ca-tion: \OT1/cmtt/m/n/10.95 final[]runs/RQ1[]v
erification[]Truth[]QA/runner/ truthqa[]judge[]baseline[]correctness.py 
 []

[168] [169] [170] [171]
Overfull \hbox (11.57333pt too wide) in paragraph at lines 916--916
[]|\OT1/cmr/bx/n/10 Kleur/Colour| 
 []

[172] [173] [174]
LaTeX Font Info:    Font shape `OMS/cmr/m/n' in size <9> not available
(Font)              Font shape `OMS/cmsy/m/n' tried instead on input line 1050.

 [175] [176] [177]
Underfull \hbox (badness 10000) in paragraph at lines 1299--1299
[]|\OT1/cmtt/m/n/10 different[]vars,
 []


Underfull \hbox (badness 7344) in paragraph at lines 1301--1302
[]|\OT1/cmr/m/n/10 Evidence shows only cor-re-la-tion, as-so-ci-a-tion, or co-
 []

[178] [179]
Overfull \hbox (22.33595pt too wide) in paragraph at lines 1397--1398
[]\OT1/cmr/bx/n/10.95 Script Lo-ca-tion (pri-vate): \OT1/cmtt/m/n/10.95 data[]s
cience/parameter[]tuning[]experiments/run[]temperature[]sensitivity.py 
 []

[180] [181] [182]
Overfull \hbox (12.46405pt too wide) in paragraph at lines 1560--1572
 [][] 
 []

[183]
Overfull \hbox (64.40903pt too wide) in paragraph at lines 1634--1635
[]\OT1/cmr/bx/n/10.95 Script Lo-ca-tion (pub-lic): \OT1/cmtt/m/n/10.95 final[]r
uns/supp[]time[]cost[]scaling/analysis[]scripts/aggregate[]time[]cost[]scaling.
py 
 []

[184]
<Figures/figure1_scaling_analysis.png, id=4593, 1000.2168pt x 786.0567pt>
File: Figures/figure1_scaling_analysis.png Graphic file (type png)
<use Figures/figure1_scaling_analysis.png>
Package pdftex.def Info: Figures/figure1_scaling_analysis.png  used on input li
ne 1682.
(pdftex.def)             Requested size: 525.87807pt x 413.28568pt.
<Figures/figure2_configuration_comparison.png, id=4594, 1002.144pt x 858.5676pt
>
File: Figures/figure2_configuration_comparison.png Graphic file (type png)
<use Figures/figure2_configuration_comparison.png>
Package pdftex.def Info: Figures/figure2_configuration_comparison.png  used on 
input line 1689.
(pdftex.def)             Requested size: 525.87807pt x 450.53203pt.
 [185 <./Figures/figure1_scaling_analysis.png>] [186 <./Figures/figure2_configu
ration_comparison.png>] [187]
LaTeX Font Info:    Font shape `OT1/cmtt/bx/n' in size <10.95> not available
(Font)              Font shape `OT1/cmtt/m/n' tried instead on input line 1846.

 [188]
Underfull \hbox (badness 10000) in paragraph at lines 1902--1903
[]\OT1/cmr/m/it/10 Reproduction: \OT1/cmtt/m/n/10 python final[]runs/supp[]toke
n[]analysis[]rq1a/
 []

[189] [190]
Appendix D.
------------------------------------------------------------------------------
 D Statistical Procedures Reference
------------------------------------------------------------------------------

Package hyperref Warning: Difference (3) between bookmark levels is greater 
(hyperref)                than one, level fixed on input line 1913.


Package hyperref Warning: Difference (2) between bookmark levels is greater 
(hyperref)                than one, level fixed on input line 1923.

[191

]
Overfull \hbox (82.54591pt too wide) in paragraph at lines 1943--1944
[]\OT1/cmr/bx/n/10.95 Random For-est (RF) \OT1/cmr/m/n/10.95 [[]] \OT1/cmr/bx/n
/10.95 (as im-ple-mented): \OT1/cmtt/m/n/10 RandomForestClassifier(n[]estimator
s=100, class[]weight='balanced',
 []


Overfull \hbox (66.92352pt too wide) in paragraph at lines 1945--1946
[]\OT1/cmr/bx/n/10.95 Logistic Re-gres-sion (LR) \OT1/cmr/m/n/10.95 [[]] \OT1/c
mr/bx/n/10.95 (as im-ple-mented): \OT1/cmtt/m/n/10 LogisticRegression(max[]iter
=1000, class[]weight='balanced',
 []


Overfull \hbox (48.72893pt too wide) in paragraph at lines 1946--1947
[]\OT1/cmr/bx/n/10.95 Neural Net-work (MLP) \OT1/cmr/m/n/10.95 [[]] \OT1/cmr/bx
/n/10.95 (as im-ple-mented): \OT1/cmtt/m/n/10 MLPClassifier(hidden[]layer[]size
s=(32,16), max[]iter=2000,
 []

[192]
Appendix E.
------------------------------------------------------------------------------
 E Experimental Prompts
------------------------------------------------------------------------------
[193

] [194] [195] [196] [197] [198] [199] [200] [201] [202]
<Pictures/../Figures/edge_ablation_f1_ordered.png, id=4716, 859.5312pt x 498.18
12pt>
File: Pictures/../Figures/edge_ablation_f1_ordered.png Graphic file (type png)
<use Pictures/../Figures/edge_ablation_f1_ordered.png>
Package pdftex.def Info: Pictures/../Figures/edge_ablation_f1_ordered.png  used
 on input line 2572.
(pdftex.def)             Requested size: 499.58255pt x 289.56102pt.
 [203] [204 <./Pictures/../Figures/edge_ablation_f1_ordered.png>] [205]
Overfull \hbox (9.21906pt too wide) in paragraph at lines 2645--2646
\OT1/cmr/m/n/10.95 The fi-nal ex-per-i-ments use the \OT1/cmr/bx/n/10.95 Ni-tai
[]C \OT1/cmr/m/n/10.95 gen-er-a-tor prompt con-fig-u-ra-tion for both node gen-
er-a-tion (\OT1/cmtt/m/n/10.95 generateNodes\OT1/cmr/m/n/10.95 )
 []

Package hyperref Info: bookmark level for unknown lstlisting defaults to 0 on i
nput line 2655.
[206]
Appendix F.
------------------------------------------------------------------------------
 F Node Generation Prompt Ablation
------------------------------------------------------------------------------
[207

]
Appendix G.
------------------------------------------------------------------------------
 G Embedding Model Benchmark
------------------------------------------------------------------------------
[208

] [209]
Appendix H.
------------------------------------------------------------------------------
 H Algorithmic Descriptions
------------------------------------------------------------------------------
[210

] [211] [212] [213] [214] [215]
Overfull \hbox (80.0583pt too wide) in paragraph at lines 3142--3144
\OT1/cmtt/m/n/10.95 search[]engine[]copy.py:47 \OT1/cmr/m/n/10.95 (\OT1/cmtt/m/
n/10.95 SearchEngine.search\OT1/cmr/m/n/10.95 ), \OT1/cmtt/m/n/10.95 citation[]
whitelist[]copy.py:250 \OT1/cmr/m/n/10.95 (\OT1/cmtt/m/n/10.95 CitationWhitelis
t.get[]domains\OT1/cmr/m/n/10.95 ) 
 []

[216]
Underfull \hbox (badness 3029) in paragraph at lines 3219--3219
\OT1/cmr/m/n/8 (max 3), early stop-ping on di-rect ev-i-
 []

[217] [218] [219]
Overfull \hbox (89.63768pt too wide) in paragraph at lines 3313--3360
 [][] 
 []

[220]
Overfull \hbox (81.19908pt too wide) in paragraph at lines 3364--3365
\OT1/cmr/bx/n/10.95 Implementation: \OT1/cmtt/m/n/10.95 modules.py:8242 \OT1/cm
r/m/n/10.95 (\OT1/cmtt/m/n/10.95 compare[]session[]graph[]to[]validation\OT1/cm
r/m/n/10.95 ), \OT1/cmtt/m/n/10.95 :8098 \OT1/cmr/m/n/10.95 ([]\OT1/cmtt/m/n/10
.95 compute[]node[]cosine[]candidates\OT1/cmr/m/n/10.95 ),
 []

[221]
Appendix I.
------------------------------------------------------------------------------
 I ROC Curves
------------------------------------------------------------------------------
<Figures/final_runs/RQ1a_gt_synth_correctness/enhanced_analysis_latest/rq1a_roc
_curves.png, id=4828, 1063.3326pt x 399.894pt>
File: Figures/final_runs/RQ1a_gt_synth_correctness/enhanced_analysis_latest/rq1
a_roc_curves.png Graphic file (type png)
<use Figures/final_runs/RQ1a_gt_synth_correctness/enhanced_analysis_latest/rq1a
_roc_curves.png>
Package pdftex.def Info: Figures/final_runs/RQ1a_gt_synth_correctness/enhanced_
analysis_latest/rq1a_roc_curves.png  used on input line 3377.
(pdftex.def)             Requested size: 525.87807pt x 197.76813pt.
<Figures/final_runs/RQ1a_gt_synth_citation/enhanced_analysis_latest/rq1a_roc_cu
rves.png, id=4829, 1399.3881pt x 399.894pt>
File: Figures/final_runs/RQ1a_gt_synth_citation/enhanced_analysis_latest/rq1a_r
oc_curves.png Graphic file (type png)
<use Figures/final_runs/RQ1a_gt_synth_citation/enhanced_analysis_latest/rq1a_ro
c_curves.png>
Package pdftex.def Info: Figures/final_runs/RQ1a_gt_synth_citation/enhanced_ana
lysis_latest/rq1a_roc_curves.png  used on input line 3386.
(pdftex.def)             Requested size: 525.87807pt x 150.27716pt.
[222

 <./Figures/final_runs/RQ1a_gt_synth_correctness/enhanced_analysis_latest/rq1a_
roc_curves.png>]
<Figures/final_runs/RQ1a_gt_lit_correctness/enhanced_analysis_latest/rq1a_groun
d_truth_roc_curves.png, id=4836, 1294.8375pt x 424.9476pt>
File: Figures/final_runs/RQ1a_gt_lit_correctness/enhanced_analysis_latest/rq1a_
ground_truth_roc_curves.png Graphic file (type png)
<use Figures/final_runs/RQ1a_gt_lit_correctness/enhanced_analysis_latest/rq1a_g
round_truth_roc_curves.png>
Package pdftex.def Info: Figures/final_runs/RQ1a_gt_lit_correctness/enhanced_an
alysis_latest/rq1a_ground_truth_roc_curves.png  used on input line 3395.
(pdftex.def)             Requested size: 525.87807pt x 172.58266pt.
<Figures/final_runs/RQ1a_gt_lit_citation/enhanced_analysis_latest/rq1a_ground_t
ruth_roc_curves.png, id=4837, 1725.8076pt x 424.9476pt>
File: Figures/final_runs/RQ1a_gt_lit_citation/enhanced_analysis_latest/rq1a_gro
und_truth_roc_curves.png Graphic file (type png)
<use Figures/final_runs/RQ1a_gt_lit_citation/enhanced_analysis_latest/rq1a_grou
nd_truth_roc_curves.png>
Package pdftex.def Info: Figures/final_runs/RQ1a_gt_lit_citation/enhanced_analy
sis_latest/rq1a_ground_truth_roc_curves.png  used on input line 3404.
(pdftex.def)             Requested size: 525.87807pt x 129.48886pt.
 [223 <./Figures/final_runs/RQ1a_gt_synth_citation/enhanced_analysis_latest/rq1
a_roc_curves.png> <./Figures/final_runs/RQ1a_gt_lit_correctness/enhanced_analys
is_latest/rq1a_ground_truth_roc_curves.png>])
(./Appendices/AppendixB_ExperimentDetails.tex [224 <./Figures/final_runs/RQ1a_g
t_lit_citation/enhanced_analysis_latest/rq1a_ground_truth_roc_curves.png>]
Appendix J.
------------------------------------------------------------------------------
 J Detailed Experimental Specifications
------------------------------------------------------------------------------

Package hyperref Warning: Difference (2) between bookmark levels is greater 
(hyperref)                than one, level fixed on input line 46.

[225

] [226] [227]
Overfull \hbox (3.6942pt too wide) in paragraph at lines 202--222
 \OT1/cmr/m/n/10.95 Data in \OT1/cmtt/m/n/10.95 final[]runs/RQ1[]verification[]
Truth[]QA/\OT1/cmr/m/n/10.95 ; ex-e-cu-tion/-con-fig-u-ra-tion in Ap-pendix [][
]C.4.2[][] (Ta-ble [][]C.11[][]). 
 []

[228]
Overfull \hbox (2.93964pt too wide) in paragraph at lines 228--254
 \OT1/cmr/m/n/10.95 Data di-rec-to-ries: \OT1/cmtt/m/n/10.95 final[]runs/RQ1a[]
ground[]truth[]* \OT1/cmr/m/n/10.95 and \OT1/cmtt/m/n/10.95 final[]runs/RQ1a[]c
orruption[]*\OT1/cmr/m/n/10.95 ; see Ap-pendix [][]C.1[][]
 []

[229]

Package hyperref Warning: Difference (2) between bookmark levels is greater 
(hyperref)                than one, level fixed on input line 259.

[230] [231]
Overfull \hbox (3.44751pt too wide) in paragraph at lines 389--391
  \OT1/cmr/m/n/10.95 RM-ANOVA as-sump-tion di-ag-nos-tics: Shapiro--Wilk (resid
-ual nor-mal-ity), Mauchly (spheric-ity), Greenhouse--
 []

[232] [233] [234]
Overfull \hbox (34.97818pt too wide) in paragraph at lines 566--588
 \OT1/cmr/m/n/10.95 Efficacy via one-sample Wilcoxon signed-rank on block-level
 $^^A$F1 (blocks = CLD$\OMS/cmsy/m/n/10.95 ^^B$\OT1/cmr/m/n/10.95 run, $\OML/cm
m/m/it/10.95 n[]\OT1/cmr/m/n/10.95 9$) test-ing median$(^^A[]) =
 []

[235]

Package hyperref Warning: Difference (2) between bookmark levels is greater 
(hyperref)                than one, level fixed on input line 593.

[236]

Package hyperref Warning: Difference (2) between bookmark levels is greater 
(hyperref)                than one, level fixed on input line 666.

[237] [238]

Package hyperref Warning: Difference (2) between bookmark levels is greater 
(hyperref)                than one, level fixed on input line 759.

[239]
Overfull \hbox (26.9817pt too wide) in paragraph at lines 771--773
  \OT1/cmr/m/n/10.95 Sin-gle run per edge ($\OMS/cmsy/m/n/10.95 ^^X \OT1/cmr/m/
n/10.95 $0\OML/cmm/m/it/10.95 :\OT1/cmr/m/n/10.95 87$/edge) with \OT1/cmtt/m/n/
10.95 max[]iterations=1\OT1/cmr/m/n/10.95 , \OT1/cmtt/m/n/10.95 max[]sources=5\
OT1/cmr/m/n/10.95 , \OT1/cmtt/m/n/10.95 MAX[]SEARCHES=5\OT1/cmr/m/n/10.95 , \OT
1/cmtt/m/n/10.95 time[]limit=900s\OT1/cmr/m/n/10.95 . 
 []

[240]
Overfull \hbox (110.48737pt too wide) in paragraph at lines 869--872
 \OT1/cmr/bx/n/10.95 Reproducibility: \OT1/cmtt/m/n/10.95 python final[]runs/RQ
3[]deep[]research[]validation/validation/calculate[]inter[]rater[]reliability.p
y 
 []

[241]) [242]
------------------------------------------------------------------------------
 Bibliography
------------------------------------------------------------------------------
(./main.bbl [243


] [244] [245] [246] [247] [248] [249]
Underfull \hbox (badness 5133) in paragraph at lines 888--893
[]\OT1/cmr/m/n/10.95 Evangelista Tor-ri-celli.  \OT1/cmr/m/it/10.95 Opera ge-o-
met-rica\OT1/cmr/m/n/10.95 .  1644.  URL [][]$\OT1/cmtt/m/n/10.95 https : / / a
rchive . org / details /
 []

[250] [251] [252]) [253] (./main.aux)
 ***********
LaTeX2e <2023-11-01> patch level 1
L3 programming layer <2024-01-22>
 ***********


LaTeX Font Warning: Some font shapes were not available, defaults substituted.

Package rerunfilecheck Info: File `main.out' has not changed.
(rerunfilecheck)             Checksum: 2EB4C9F85FB3A189A210CA555F0F1666;97230.
 ) 
Here is how much of TeX's memory you used:
 36504 strings out of 476182
 750556 string characters out of 5795596
 1982975 words of memory out of 5000000
 56545 multiletter control sequences out of 15000+600000
 579466 words of font info for 115 fonts, out of 8000000 for 9000
 14 hyphenation exceptions out of 8191
 84i,21n,96p,2539b,1098s stack positions out of 10000i,1000n,20000p,200000b,200000s
 </home/nitai/.texlive2023/texmf-var/fonts/pk/ljfour/jknappen/ec/tcrm0900.600
pk> </home/nitai/.texlive2023/texmf-var/fonts/pk/ljfour/jknappen/ec/tcrm1000.60
0pk> </home/nitai/.texlive2023/texmf-var/fonts/pk/ljfour/jknappen/ec/tcbx0900.6
00pk> </home/nitai/.texlive2023/texmf-var/fonts/pk/ljfour/jknappen/ec/tcrm0800.
600pk> </home/nitai/.texlive2023/texmf-var/fonts/pk/ljfour/jknappen/ec/tcrm1095
.600pk></usr/share/texlive/texmf-dist/fonts/type1/public/amsfonts/cm/cmbx10.pfb
></usr/share/texlive/texmf-dist/fonts/type1/public/amsfonts/cm/cmbx12.pfb></usr
/share/texlive/texmf-dist/fonts/type1/public/amsfonts/cm/cmbx6.pfb></usr/share/
texlive/texmf-dist/fonts/type1/public/amsfonts/cm/cmbx7.pfb></usr/share/texlive
/texmf-dist/fonts/type1/public/amsfonts/cm/cmbx8.pfb></usr/share/texlive/texmf-
dist/fonts/type1/public/amsfonts/cm/cmbx9.pfb></usr/share/texlive/texmf-dist/fo
nts/type1/public/amsfonts/cm/cmbxti10.pfb></usr/share/texlive/texmf-dist/fonts/
type1/public/amsfonts/cm/cmcsc10.pfb></usr/share/texlive/texmf-dist/fonts/type1
/public/amsfonts/cm/cmex10.pfb></usr/share/texlive/texmf-dist/fonts/type1/publi
c/amsfonts/cmextra/cmex9.pfb></usr/share/texlive/texmf-dist/fonts/type1/public/
amsfonts/cm/cmmi10.pfb></usr/share/texlive/texmf-dist/fonts/type1/public/amsfon
ts/cm/cmmi5.pfb></usr/share/texlive/texmf-dist/fonts/type1/public/amsfonts/cm/c
mmi6.pfb></usr/share/texlive/texmf-dist/fonts/type1/public/amsfonts/cm/cmmi7.pf
b></usr/share/texlive/texmf-dist/fonts/type1/public/amsfonts/cm/cmmi8.pfb></usr
/share/texlive/texmf-dist/fonts/type1/public/amsfonts/cm/cmmi9.pfb></usr/share/
texlive/texmf-dist/fonts/type1/public/amsfonts/cm/cmr10.pfb></usr/share/texlive
/texmf-dist/fonts/type1/public/amsfonts/cm/cmr12.pfb></usr/share/texlive/texmf-
dist/fonts/type1/public/amsfonts/cm/cmr5.pfb></usr/share/texlive/texmf-dist/fon
ts/type1/public/amsfonts/cm/cmr6.pfb></usr/share/texlive/texmf-dist/fonts/type1
/public/amsfonts/cm/cmr7.pfb></usr/share/texlive/texmf-dist/fonts/type1/public/
amsfonts/cm/cmr8.pfb></usr/share/texlive/texmf-dist/fonts/type1/public/amsfonts
/cm/cmr9.pfb></usr/share/texlive/texmf-dist/fonts/type1/public/amsfonts/cm/cmsy
10.pfb></usr/share/texlive/texmf-dist/fonts/type1/public/amsfonts/cm/cmsy6.pfb>
</usr/share/texlive/texmf-dist/fonts/type1/public/amsfonts/cm/cmsy7.pfb></usr/s
hare/texlive/texmf-dist/fonts/type1/public/amsfonts/cm/cmsy8.pfb></usr/share/te
xlive/texmf-dist/fonts/type1/public/amsfonts/cm/cmsy9.pfb></usr/share/texlive/t
exmf-dist/fonts/type1/public/amsfonts/cm/cmti10.pfb></usr/share/texlive/texmf-d
ist/fonts/type1/public/amsfonts/cm/cmti12.pfb></usr/share/texlive/texmf-dist/fo
nts/type1/public/amsfonts/cm/cmti8.pfb></usr/share/texlive/texmf-dist/fonts/typ
e1/public/amsfonts/cm/cmti9.pfb></usr/share/texlive/texmf-dist/fonts/type1/publ
ic/amsfonts/cm/cmtt10.pfb></usr/share/texlive/texmf-dist/fonts/type1/public/ams
fonts/cm/cmtt12.pfb></usr/share/texlive/texmf-dist/fonts/type1/public/amsfonts/
cm/cmtt8.pfb></usr/share/texlive/texmf-dist/fonts/type1/public/amsfonts/cm/cmtt
9.pfb></usr/share/texlive/texmf-dist/fonts/type1/public/amsfonts/symbols/msam10
.pfb></usr/share/texlive/texmf-dist/fonts/type1/public/amsfonts/symbols/msam7.p
fb></usr/share/texlive/texmf-dist/fonts/type1/public/amsfonts/symbols/msbm10.pf
b>
Output written on main.pdf (272 pages, 10879151 bytes).
PDF statistics:
 5886 PDF objects out of 6186 (max. 8388607)
 5253 compressed objects within 53 object streams
 1173 named destinations out of 1200 (max. 500000)
 3350 words of extra memory for PDF output out of 10000 (max. 10000000)

